{"name":"7ec1ab04-f372-4fe6-ae39-828bfd24fb7d","id":"/providers/Microsoft.Flow/flows/7ec1ab04-f372-4fe6-ae39-828bfd24fb7d","type":"Microsoft.Flow/flows","properties":{"apiId":"/providers/Microsoft.PowerApps/apis/shared_logicflows","displayName":"Simple Sort Reactive","definition":{"metadata":{"workflowEntityId":null,"flowclientsuspensionreason":"None","flowclientsuspensiontime":null,"creator":{"id":"f40e910b-c333-4543-ae08-8d4d75e23ab5","type":"User","tenantId":"72f988bf-86f1-41af-91ab-2d7cd011db47"},"provisioningMethod":"FromDefinition","failureAlertSubscription":true,"clientLastModifiedTime":"2020-07-31T16:48:24.7729084Z"},"$schema":"https://schema.management.azure.com/providers/Microsoft.Logic/schemas/2016-06-01/workflowdefinition.json#","contentVersion":"1.0.0.0","parameters":{"$connections":{"defaultValue":{},"type":"Object"},"$authentication":{"defaultValue":{},"type":"SecureObject"}},"triggers":{"On_new_email":{"recurrence":{"frequency":"Minute","interval":1},"splitOn":"@triggerOutputs()?['body/value']","type":"OpenApiConnection","inputs":{"host":{"apiId":"/providers/Microsoft.PowerApps/apis/shared_office365","connectionName":"shared_office365","operationId":"OnNewEmailV2"},"parameters":{"folderPath":"Inbox","importance":"Normal"},"authentication":"@parameters('$authentication')"}}},"actions":{"Trigger_if_8,_15_digit_numbers,_'CritSit'_or_'ticket'_is_in_email_subject":{"runAfter":{"var_isReactive":["Succeeded"]},"type":"OpenApiConnection","inputs":{"host":{"apiId":"/providers/Microsoft.PowerApps/apis/shared_regex.5f4c1e90cbd0f5e3a0.5fc2c1b9a9faf3eeeb","connectionName":"shared_regex.5f4c1e90cbd0f5e3a0.5fc2c1b9a9faf3eeeb","operationId":"GetMatches"},"parameters":{"base64regex":"((^|\\D)(\\d{8}|\\d{15})(\\D|$))|[tT]icket|CritSit|Critical Situation|New case created","body/contentToParse":"@triggerOutputs()?['body/subject']"},"authentication":"@parameters('$authentication')"}},"Check_if_email_is_reactive":{"foreach":"@outputs('Trigger_if_8,_15_digit_numbers,_''CritSit''_or_''ticket''_is_in_email_subject')?['body/value']","actions":{"isReactive":{"actions":{"isReactive=true":{"runAfter":{},"type":"SetVariable","inputs":{"name":"isReactive","value":true}},"Move_email_(V2)":{"runAfter":{"isReactive=true":["Succeeded"]},"metadata":{"Id::AAMkADQ1MmIwMzQ4LWZkMWMtNDY3MS1hODBiLTk2ZWQyOTUzYmY1NgAuAAAAAAAMaG1u3hklTqrFpRgSGVqHAQCmmK4IMiqwRIVpIdvFeDavAAAC-qjVAAA=":"B - Reactive"},"type":"OpenApiConnection","inputs":{"host":{"apiId":"/providers/Microsoft.PowerApps/apis/shared_office365","connectionName":"shared_office365","operationId":"MoveV2"},"parameters":{"messageId":"@triggerOutputs()?['body/id']","folderPath":"Id::AAMkADQ1MmIwMzQ4LWZkMWMtNDY3MS1hODBiLTk2ZWQyOTUzYmY1NgAuAAAAAAAMaG1u3hklTqrFpRgSGVqHAQCmmK4IMiqwRIVpIdvFeDavAAAC-qjVAAA="},"authentication":"@parameters('$authentication')"}}},"runAfter":{},"expression":{"or":[{"contains":["@triggerOutputs()?['body/subject']","@items('Check_if_email_is_reactive')?['match']"]},{"contains":["@triggerOutputs()?['body/from']","o365csup@microsoft.com"]},{"equals":["@variables('isCritSit')",true]}]},"type":"If"}},"runAfter":{"isCritSit":["Succeeded"]},"type":"Foreach"},"var_isCritSit":{"runAfter":{},"type":"InitializeVariable","inputs":{"variables":[{"name":"isCritSit","type":"Boolean","value":false}]}},"var_isReactive":{"runAfter":{"var_isCritSit":["Succeeded"]},"type":"InitializeVariable","inputs":{"variables":[{"name":"isReactive","type":"Boolean","value":false}]}},"isCritSit":{"actions":{"isCritSit=true":{"runAfter":{},"type":"SetVariable","inputs":{"name":"isCritSit","value":true}}},"runAfter":{"Trigger_if_8,_15_digit_numbers,_'CritSit'_or_'ticket'_is_in_email_subject":["Succeeded"]},"expression":{"or":[{"contains":["@triggerOutputs()?['body/subject']","Critical Situation"]},{"contains":["@triggerOutputs()?['body/subject']","CritSit"]},{"contains":["@triggerOutputs()?['body/subject']","Sev A"]}]},"type":"If"}},"outputs":{},"description":"Flow to automate email process and integrate teams."},"connectionReferences":{"shared_regex.5f4c1e90cbd0f5e3a0.5fc2c1b9a9faf3eeeb":{"connectionName":"shared-regex.5f4c1e9-d96b60a8-5f57-4440-8cf8-d040f77f41bf","source":"Embedded","id":"/providers/Microsoft.PowerApps/apis/shared_regex.5f4c1e90cbd0f5e3a0.5fc2c1b9a9faf3eeeb","tier":"NotSpecified"},"shared_office365":{"connectionName":"0e2058b4-fa17-4a6b-86a0-cfdc-0c3d3631","source":"Embedded","id":"/providers/Microsoft.PowerApps/apis/shared_office365","tier":"NotSpecified"}},"flowFailureAlertSubscribed":false}}