{"name":"e28fe13a-6a07-4c0b-9535-6442f765127b","id":"/providers/Microsoft.Flow/flows/e28fe13a-6a07-4c0b-9535-6442f765127b","type":"Microsoft.Flow/flows","properties":{"apiId":"/providers/Microsoft.PowerApps/apis/shared_logicflows","displayName":"Process Customer Emails_v1.0.2 [email only]","definition":{"metadata":{"workflowEntityId":null,"flowclientsuspensionreason":"None","flowclientsuspensiontime":null,"creator":{"id":"f40e910b-c333-4543-ae08-8d4d75e23ab5","type":"User","tenantId":"72f988bf-86f1-41af-91ab-2d7cd011db47"},"provisioningMethod":"FromDefinition","failureAlertSubscription":true,"clientLastModifiedTime":"2020-07-31T16:39:43.3726699Z"},"$schema":"https://schema.management.azure.com/providers/Microsoft.Logic/schemas/2016-06-01/workflowdefinition.json#","contentVersion":"1.0.0.0","parameters":{"$connections":{"defaultValue":{},"type":"Object"},"$authentication":{"defaultValue":{},"type":"SecureObject"}},"triggers":{"On_new_email":{"recurrence":{"frequency":"Minute","interval":1},"splitOn":"@triggerOutputs()?['body/value']","type":"OpenApiConnection","inputs":{"host":{"apiId":"/providers/Microsoft.PowerApps/apis/shared_office365","connectionName":"shared_office365","operationId":"OnNewEmailV2"},"parameters":{"folderPath":"Inbox","importance":"Normal"},"authentication":"@parameters('$authentication')"}}},"actions":{"Trigger_if_8,_15_digit_numbers,_'CritSit'_or_'ticket'_is_in_email_subject":{"runAfter":{"var_caseLink":["Succeeded"]},"type":"OpenApiConnection","inputs":{"host":{"apiId":"/providers/Microsoft.PowerApps/apis/shared_regex.5f4c1e90cbd0f5e3a0.5fc2c1b9a9faf3eeeb","connectionName":"shared_regex.5f4c1e90cbd0f5e3a0.5fc2c1b9a9faf3eeeb","operationId":"GetMatches"},"parameters":{"base64regex":"((^|\\D)(\\d{8}|\\d{15})(\\D|$))|[tT]icket|CritSit|Critical Situation|New case created","body/contentToParse":"@triggerOutputs()?['body/subject']"},"authentication":"@parameters('$authentication')"}},"var_isProcessed":{"runAfter":{"Get_my_profile_(V2)":["Succeeded"]},"type":"InitializeVariable","inputs":{"variables":[{"name":"isProcessed","type":"Boolean","value":false}]}},"var_notifyOnCritsit":{"runAfter":{"var_isProcessed":["Succeeded"]},"type":"InitializeVariable","inputs":{"variables":[{"name":"SmsNotifyOnCritsit","type":"Boolean","value":true}]}},"Check_if_email_is_reactive":{"foreach":"@outputs('Trigger_if_8,_15_digit_numbers,_''CritSit''_or_''ticket''_is_in_email_subject')?['body/value']","actions":{"isReactive":{"actions":{"isReactive=true":{"runAfter":{},"type":"SetVariable","inputs":{"name":"isReactive","value":true}}},"runAfter":{},"expression":{"or":[{"contains":["@triggerOutputs()?['body/subject']","@items('Check_if_email_is_reactive')?['match']"]},{"contains":["@triggerOutputs()?['body/from']","o365csup@microsoft.com"]},{"equals":["@variables('isCritSit')",true]}]},"type":"If"}},"runAfter":{"isCritSit_[Config_req'd_for_CsCaseOptions]":["Succeeded"]},"type":"Foreach"},"var_isCritSit":{"runAfter":{"var_notifyOnCritsit":["Succeeded"]},"type":"InitializeVariable","inputs":{"variables":[{"name":"isCritSit","type":"Boolean","value":false}]}},"var_isReactive":{"runAfter":{"var_isCritSit":["Succeeded"]},"type":"InitializeVariable","inputs":{"variables":[{"name":"isReactive","type":"Boolean","value":false}]}},"var_isBackupAccount":{"runAfter":{"var_isReactive":["Succeeded"]},"type":"InitializeVariable","inputs":{"variables":[{"name":"isBackupAccount","type":"boolean","value":false}]}},"getReactiveCaseNumber":{"foreach":"@outputs('Trigger_if_8,_15_digit_numbers,_''CritSit''_or_''ticket''_is_in_email_subject')?['body/value']","actions":{"Apply_to_each_2":{"foreach":"@outputs('getCaseNumber')?['body/value']","actions":{"set_caseNumber":{"runAfter":{},"type":"SetVariable","inputs":{"name":"caseNumber","value":"@items('Apply_to_each_2')?['match']"}}},"runAfter":{"getCaseNumber":["Succeeded"]},"type":"Foreach"},"Check_Case_Number_Length":{"actions":{"Set_variable_12":{"runAfter":{},"type":"SetVariable","inputs":{"name":"caseLink","value":"https://servicedesk.microsoft.com/#/customer/cases?caseNumber=@{variables('caseNumber')}"}}},"runAfter":{"Apply_to_each_2":["Succeeded"]},"else":{"actions":{"Set_variable_13":{"runAfter":{},"type":"SetVariable","inputs":{"name":"caseLink","value":"https://rave.office.net/cases/@{variables('caseNumber')}"}}}},"expression":{"greater":["@length(variables('caseNumber'))",8]},"type":"If"},"getCaseNumber":{"runAfter":{},"type":"OpenApiConnection","inputs":{"host":{"apiId":"/providers/Microsoft.PowerApps/apis/shared_regex.5f4c1e90cbd0f5e3a0.5fc2c1b9a9faf3eeeb","connectionName":"shared_regex.5f4c1e90cbd0f5e3a0.5fc2c1b9a9faf3eeeb","operationId":"GetMatches"},"parameters":{"base64regex":"\\d{15}|\\d{8}","body/contentToParse":"@items('getReactiveCaseNumber')?['match']"},"authentication":"@parameters('$authentication')"}}},"runAfter":{"Get_first_5_Lines_of_Email_Body":["Succeeded"]},"type":"Foreach"},"var_caseNumber":{"runAfter":{"var_isBackupAccount":["Succeeded"]},"type":"InitializeVariable","inputs":{"variables":[{"name":"caseNumber","type":"string"}]}},"var_caseLink":{"runAfter":{"var_caseNumber":["Succeeded"]},"type":"InitializeVariable","inputs":{"variables":[{"name":"caseLink","type":"string"}]}},"Get_my_profile_(V2)":{"runAfter":{},"type":"OpenApiConnection","inputs":{"host":{"apiId":"/providers/Microsoft.PowerApps/apis/shared_office365users","connectionName":"shared_office365users","operationId":"MyProfile_V2"},"parameters":{},"authentication":"@parameters('$authentication')"}},"Get_first_5_Lines_of_Email_Body":{"runAfter":{"Trigger_if_8,_15_digit_numbers,_'CritSit'_or_'ticket'_is_in_email_subject":["Succeeded"]},"type":"OpenApiConnection","inputs":{"host":{"apiId":"/providers/Microsoft.PowerApps/apis/shared_regex.5f4c1e90cbd0f5e3a0.5fc2c1b9a9faf3eeeb","connectionName":"shared_regex.5f4c1e90cbd0f5e3a0.5fc2c1b9a9faf3eeeb","operationId":"GetMatches"},"parameters":{"base64regex":"<body.*>(.*[\\r\\n]){6}","body/contentToParse":"@triggerOutputs()?['body/body']"},"authentication":"@parameters('$authentication')"}},"isCritSit_[Config_req'd_for_CsCaseOptions]":{"actions":{"isCritSit=true":{"runAfter":{},"type":"SetVariable","inputs":{"name":"isCritSit","value":true}}},"runAfter":{"isBackupAccount2_[User_Config]":["Succeeded"]},"expression":{"or":[{"contains":["@triggerOutputs()?['body/subject']","Critical Situation"]},{"contains":["@triggerOutputs()?['body/subject']","CritSit"]},{"contains":["@triggerOutputs()?['body/subject']","Sev A"]}]},"type":"If"},"Start_of_Cx_Sorting_Tree_companies_1-6_[Config_Req'd]":{"actions":{"Set_variable":{"runAfter":{"isAuraReactive":["Succeeded"]},"type":"SetVariable","inputs":{"name":"isProcessed","value":true}},"isAuraReactive":{"actions":{"Move_email_(V2)_6":{"runAfter":{},"metadata":{"Id::AAMkADQ1MmIwMzQ4LWZkMWMtNDY3MS1hODBiLTk2ZWQyOTUzYmY1NgAuAAAAAAAMaG1u3hklTqrFpRgSGVqHAQCmmK4IMiqwRIVpIdvFeDavAAAC-qj5AAA=":"Nova","Id::AAMkADQ1MmIwMzQ4LWZkMWMtNDY3MS1hODBiLTk2ZWQyOTUzYmY1NgAuAAAAAAAMaG1u3hklTqrFpRgSGVqHAQCmmK4IMiqwRIVpIdvFeDavAAAC-qmsAAA=":"Aura"},"type":"OpenApiConnection","inputs":{"host":{"apiId":"/providers/Microsoft.PowerApps/apis/shared_office365","connectionName":"shared_office365","operationId":"MoveV2"},"parameters":{"messageId":"@triggerOutputs()?['body/id']","folderPath":"Id::AAMkADQ1MmIwMzQ4LWZkMWMtNDY3MS1hODBiLTk2ZWQyOTUzYmY1NgAuAAAAAAAMaG1u3hklTqrFpRgSGVqHAQCmmK4IMiqwRIVpIdvFeDavAAAC-qmsAAA="},"authentication":"@parameters('$authentication')"}}},"runAfter":{},"else":{"actions":{"Move_email_(V2)_3":{"runAfter":{},"metadata":{"Id::AAMkADQ1MmIwMzQ4LWZkMWMtNDY3MS1hODBiLTk2ZWQyOTUzYmY1NgAuAAAAAAAMaG1u3hklTqrFpRgSGVqHAQCmmK4IMiqwRIVpIdvFeDavAAAC-qiSAAA=":"A - Nova","Id::AAMkADQ1MmIwMzQ4LWZkMWMtNDY3MS1hODBiLTk2ZWQyOTUzYmY1NgAuAAAAAAAMaG1u3hklTqrFpRgSGVqHAQCmmK4IMiqwRIVpIdvFeDavAAAC-qmTAAA=":"A - Aura Advanced Technologies"},"type":"OpenApiConnection","inputs":{"host":{"apiId":"/providers/Microsoft.PowerApps/apis/shared_office365","connectionName":"shared_office365","operationId":"MoveV2"},"parameters":{"messageId":"@triggerOutputs()?['body/id']","folderPath":"Id::AAMkADQ1MmIwMzQ4LWZkMWMtNDY3MS1hODBiLTk2ZWQyOTUzYmY1NgAuAAAAAAAMaG1u3hklTqrFpRgSGVqHAQCmmK4IMiqwRIVpIdvFeDavAAAC-qmTAAA="},"authentication":"@parameters('$authentication')"}}}},"expression":{"equals":["@variables('isReactive')",true]},"type":"If"}},"runAfter":{"Check_if_email_is_reactive":["Succeeded"]},"else":{"actions":{"isEnsign":{"actions":{"Set_variable_2":{"runAfter":{"isEnsignReactive":["Succeeded"]},"type":"SetVariable","inputs":{"name":"isProcessed","value":true}},"isEnsignReactive":{"actions":{"Move_email_(V2)_7":{"runAfter":{},"metadata":{"Id::AAMkADQ1MmIwMzQ4LWZkMWMtNDY3MS1hODBiLTk2ZWQyOTUzYmY1NgAuAAAAAAAMaG1u3hklTqrFpRgSGVqHAQCmmK4IMiqwRIVpIdvFeDavAAAC-qj4AAA=":"Ensign"},"type":"OpenApiConnection","inputs":{"host":{"apiId":"/providers/Microsoft.PowerApps/apis/shared_office365","connectionName":"shared_office365","operationId":"MoveV2"},"parameters":{"messageId":"@triggerOutputs()?['body/id']","folderPath":"Id::AAMkADQ1MmIwMzQ4LWZkMWMtNDY3MS1hODBiLTk2ZWQyOTUzYmY1NgAuAAAAAAAMaG1u3hklTqrFpRgSGVqHAQCmmK4IMiqwRIVpIdvFeDavAAAC-qj4AAA="},"authentication":"@parameters('$authentication')"}}},"runAfter":{},"else":{"actions":{"Move_email_(V2)_4":{"runAfter":{},"metadata":{"Id::AAMkADQ1MmIwMzQ4LWZkMWMtNDY3MS1hODBiLTk2ZWQyOTUzYmY1NgAuAAAAAAAMaG1u3hklTqrFpRgSGVqHAQCmmK4IMiqwRIVpIdvFeDavAAAC-qiTAAA=":"A - Ensign"},"type":"OpenApiConnection","inputs":{"host":{"apiId":"/providers/Microsoft.PowerApps/apis/shared_office365","connectionName":"shared_office365","operationId":"MoveV2"},"parameters":{"messageId":"@triggerOutputs()?['body/id']","folderPath":"Id::AAMkADQ1MmIwMzQ4LWZkMWMtNDY3MS1hODBiLTk2ZWQyOTUzYmY1NgAuAAAAAAAMaG1u3hklTqrFpRgSGVqHAQCmmK4IMiqwRIVpIdvFeDavAAAC-qiTAAA="},"authentication":"@parameters('$authentication')"}}}},"expression":{"equals":["@variables('isReactive')",true]},"type":"If"}},"runAfter":{},"else":{"actions":{"isUfa":{"actions":{"Set_variable_3":{"runAfter":{"isUfaReactive":["Succeeded"]},"type":"SetVariable","inputs":{"name":"isProcessed","value":true}},"isUfaReactive":{"actions":{"Move_email_(V2)_8":{"runAfter":{},"metadata":{"Id::AAMkADQ1MmIwMzQ4LWZkMWMtNDY3MS1hODBiLTk2ZWQyOTUzYmY1NgAuAAAAAAAMaG1u3hklTqrFpRgSGVqHAQCmmK4IMiqwRIVpIdvFeDavAAAC-qj3AAA=":"UFA"},"type":"OpenApiConnection","inputs":{"host":{"apiId":"/providers/Microsoft.PowerApps/apis/shared_office365","connectionName":"shared_office365","operationId":"MoveV2"},"parameters":{"messageId":"@triggerOutputs()?['body/id']","folderPath":"Id::AAMkADQ1MmIwMzQ4LWZkMWMtNDY3MS1hODBiLTk2ZWQyOTUzYmY1NgAuAAAAAAAMaG1u3hklTqrFpRgSGVqHAQCmmK4IMiqwRIVpIdvFeDavAAAC-qj3AAA="},"authentication":"@parameters('$authentication')"}}},"runAfter":{},"else":{"actions":{"Move_email_(V2)_5":{"runAfter":{},"metadata":{"Id::AAMkADQ1MmIwMzQ4LWZkMWMtNDY3MS1hODBiLTk2ZWQyOTUzYmY1NgAuAAAAAAAMaG1u3hklTqrFpRgSGVqHAQCmmK4IMiqwRIVpIdvFeDavAAAC-qjtAAA=":"A - UFA"},"type":"OpenApiConnection","inputs":{"host":{"apiId":"/providers/Microsoft.PowerApps/apis/shared_office365","connectionName":"shared_office365","operationId":"MoveV2"},"parameters":{"messageId":"@triggerOutputs()?['body/id']","folderPath":"Id::AAMkADQ1MmIwMzQ4LWZkMWMtNDY3MS1hODBiLTk2ZWQyOTUzYmY1NgAuAAAAAAAMaG1u3hklTqrFpRgSGVqHAQCmmK4IMiqwRIVpIdvFeDavAAAC-qjtAAA="},"authentication":"@parameters('$authentication')"}}}},"expression":{"equals":["@variables('isReactive')",true]},"type":"If"}},"runAfter":{},"else":{"actions":{"isEnerplus":{"actions":{"Set_variable_4":{"runAfter":{"isEnerplusReactive":["Succeeded"]},"type":"SetVariable","inputs":{"name":"isProcessed","value":true}},"isEnerplusReactive":{"actions":{"Move_email_(V2)_9":{"runAfter":{},"metadata":{"Id::AAMkADQ1MmIwMzQ4LWZkMWMtNDY3MS1hODBiLTk2ZWQyOTUzYmY1NgAuAAAAAAAMaG1u3hklTqrFpRgSGVqHAQCmmK4IMiqwRIVpIdvFeDavAAAC-qj_AAA=":"Enerplus"},"type":"OpenApiConnection","inputs":{"host":{"apiId":"/providers/Microsoft.PowerApps/apis/shared_office365","connectionName":"shared_office365","operationId":"MoveV2"},"parameters":{"messageId":"@triggerOutputs()?['body/id']","folderPath":"Id::AAMkADQ1MmIwMzQ4LWZkMWMtNDY3MS1hODBiLTk2ZWQyOTUzYmY1NgAuAAAAAAAMaG1u3hklTqrFpRgSGVqHAQCmmK4IMiqwRIVpIdvFeDavAAAC-qj_AAA="},"authentication":"@parameters('$authentication')"}}},"runAfter":{},"else":{"actions":{"Move_email_(V2)_12":{"runAfter":{},"metadata":{"Id::AAMkADQ1MmIwMzQ4LWZkMWMtNDY3MS1hODBiLTk2ZWQyOTUzYmY1NgAuAAAAAAAMaG1u3hklTqrFpRgSGVqHAQCmmK4IMiqwRIVpIdvFeDavAAAC-qj8AAA=":"A - Enerplus"},"type":"OpenApiConnection","inputs":{"host":{"apiId":"/providers/Microsoft.PowerApps/apis/shared_office365","connectionName":"shared_office365","operationId":"MoveV2"},"parameters":{"messageId":"@triggerOutputs()?['body/id']","folderPath":"Id::AAMkADQ1MmIwMzQ4LWZkMWMtNDY3MS1hODBiLTk2ZWQyOTUzYmY1NgAuAAAAAAAMaG1u3hklTqrFpRgSGVqHAQCmmK4IMiqwRIVpIdvFeDavAAAC-qj8AAA="},"authentication":"@parameters('$authentication')"}}}},"expression":{"equals":["@variables('isReactive')",true]},"type":"If"}},"runAfter":{},"else":{"actions":{"isCalfrac":{"actions":{"Set_variable_5":{"runAfter":{"isCalfracReactive":["Succeeded"]},"type":"SetVariable","inputs":{"name":"isProcessed","value":true}},"isCalfracReactive":{"actions":{"Move_email_(V2)_10":{"runAfter":{},"metadata":{"Id::AAMkADQ1MmIwMzQ4LWZkMWMtNDY3MS1hODBiLTk2ZWQyOTUzYmY1NgAuAAAAAAAMaG1u3hklTqrFpRgSGVqHAQCmmK4IMiqwRIVpIdvFeDavAAAC-qj6AAA=":"Calfrac"},"type":"OpenApiConnection","inputs":{"host":{"apiId":"/providers/Microsoft.PowerApps/apis/shared_office365","connectionName":"shared_office365","operationId":"MoveV2"},"parameters":{"messageId":"@triggerOutputs()?['body/id']","folderPath":"Id::AAMkADQ1MmIwMzQ4LWZkMWMtNDY3MS1hODBiLTk2ZWQyOTUzYmY1NgAuAAAAAAAMaG1u3hklTqrFpRgSGVqHAQCmmK4IMiqwRIVpIdvFeDavAAAC-qj6AAA="},"authentication":"@parameters('$authentication')"}}},"runAfter":{},"else":{"actions":{"Move_email_(V2)_13":{"runAfter":{},"metadata":{"Id::AAMkADQ1MmIwMzQ4LWZkMWMtNDY3MS1hODBiLTk2ZWQyOTUzYmY1NgAuAAAAAAAMaG1u3hklTqrFpRgSGVqHAQCmmK4IMiqwRIVpIdvFeDavAAAC-qiNAAA=":"A - Calfrac"},"type":"OpenApiConnection","inputs":{"host":{"apiId":"/providers/Microsoft.PowerApps/apis/shared_office365","connectionName":"shared_office365","operationId":"MoveV2"},"parameters":{"messageId":"@triggerOutputs()?['body/id']","folderPath":"Id::AAMkADQ1MmIwMzQ4LWZkMWMtNDY3MS1hODBiLTk2ZWQyOTUzYmY1NgAuAAAAAAAMaG1u3hklTqrFpRgSGVqHAQCmmK4IMiqwRIVpIdvFeDavAAAC-qiNAAA="},"authentication":"@parameters('$authentication')"}}}},"expression":{"equals":["@variables('isReactive')",true]},"type":"If"}},"runAfter":{},"else":{"actions":{"isLongView":{"actions":{"Set_variable_6":{"runAfter":{"isLongviewReactive":["Succeeded"]},"type":"SetVariable","inputs":{"name":"isProcessed","value":true}},"isLongviewReactive":{"actions":{"Move_email_(V2)_11":{"runAfter":{},"metadata":{"Id::AQMkADQ1MmIwMzQ4LWZkMWMtNDY3MS1hODBiLTk2ZWQyOTUzYmY1NgAuAAADDGhtbt4ZJU6qxaUYEhlahwEAppiuCDIqsESFaSHbxXg2rwAAAAL_qQAAAQ==":"Long View"},"type":"OpenApiConnection","inputs":{"host":{"apiId":"/providers/Microsoft.PowerApps/apis/shared_office365","connectionName":"shared_office365","operationId":"MoveV2"},"parameters":{"messageId":"@triggerOutputs()?['body/id']","folderPath":"Id::AQMkADQ1MmIwMzQ4LWZkMWMtNDY3MS1hODBiLTk2ZWQyOTUzYmY1NgAuAAADDGhtbt4ZJU6qxaUYEhlahwEAppiuCDIqsESFaSHbxXg2rwAAAAL_qQAAAQ=="},"authentication":"@parameters('$authentication')"}}},"runAfter":{},"else":{"actions":{"Move_email_(V2)_14":{"runAfter":{},"metadata":{"Id::AAMkADQ1MmIwMzQ4LWZkMWMtNDY3MS1hODBiLTk2ZWQyOTUzYmY1NgAuAAAAAAAMaG1u3hklTqrFpRgSGVqHAQCmmK4IMiqwRIVpIdvFeDavAAAC-qjvAAA=":"A - Long View"},"type":"OpenApiConnection","inputs":{"host":{"apiId":"/providers/Microsoft.PowerApps/apis/shared_office365","connectionName":"shared_office365","operationId":"MoveV2"},"parameters":{"messageId":"@triggerOutputs()?['body/id']","folderPath":"Id::AAMkADQ1MmIwMzQ4LWZkMWMtNDY3MS1hODBiLTk2ZWQyOTUzYmY1NgAuAAAAAAAMaG1u3hklTqrFpRgSGVqHAQCmmK4IMiqwRIVpIdvFeDavAAAC-qjvAAA="},"authentication":"@parameters('$authentication')"}}}},"expression":{"equals":["@variables('isReactive')",true]},"type":"If"}},"runAfter":{},"expression":{"or":[{"contains":["@triggerOutputs()?['body/toRecipients']","lvs1.com"]},{"contains":["@triggerOutputs()?['body/subject']","Long View"]},{"contains":["@triggerOutputs()?['body/from']","lvs1.com"]}]},"type":"If"}}},"expression":{"or":[{"contains":["@triggerOutputs()?['body/toRecipients']","calfrac.com"]},{"contains":["@triggerOutputs()?['body/subject']","Calfrac"]},{"contains":["@triggerOutputs()?['body/from']","calfrac.com"]},{"contains":["@triggerOutputs()?['body/subject']","CALFRAC"]}]},"type":"If"}}},"expression":{"or":[{"contains":["@triggerOutputs()?['body/toRecipients']","enerplus.com"]},{"contains":["@triggerOutputs()?['body/subject']","Enerplus"]},{"contains":["@triggerOutputs()?['body/from']","enerplus.com"]}]},"type":"If"}}},"expression":{"or":[{"contains":["@triggerOutputs()?['body/toRecipients']","ufa.com"]},{"contains":["@triggerOutputs()?['body/subject']","UFA"]},{"contains":["@triggerOutputs()?['body/from']","ufa.com"]}]},"type":"If"}}},"expression":{"or":[{"contains":["@triggerOutputs()?['body/toRecipients']","ensignenergy.com"]},{"contains":["@triggerOutputs()?['body/subject']","Ensign"]},{"contains":["@triggerOutputs()?['body/from']","ensignenergy.com"]}]},"type":"If"}}},"expression":{"or":[{"contains":["@triggerOutputs()?['body/toRecipients']","auraadvanced.com"]},{"contains":["@triggerOutputs()?['body/subject']","Aura"]},{"contains":["@triggerOutputs()?['body/from']","auraadvanced.com"]},{"contains":["@triggerOutputs()?['body/subject']","AURA"]}]},"type":"If"},"Default_Action_-_Move_to_Generic_Reactive_Folder_[Config_Req'd]":{"actions":{"Sort_To_Backup_Account":{"actions":{"Move_email_(V2)_-_Move_to_Backup_Account":{"runAfter":{},"metadata":{"Id::AAMkADQ1MmIwMzQ4LWZkMWMtNDY3MS1hODBiLTk2ZWQyOTUzYmY1NgAuAAAAAAAMaG1u3hklTqrFpRgSGVqHAQCmmK4IMiqwRIVpIdvFeDavAAAC-qlyAAA=":"Backup Accounts"},"type":"OpenApiConnection","inputs":{"host":{"apiId":"/providers/Microsoft.PowerApps/apis/shared_office365","connectionName":"shared_office365","operationId":"MoveV2"},"parameters":{"messageId":"@triggerOutputs()?['body/id']","folderPath":"Id::AAMkADQ1MmIwMzQ4LWZkMWMtNDY3MS1hODBiLTk2ZWQyOTUzYmY1NgAuAAAAAAAMaG1u3hklTqrFpRgSGVqHAQCmmK4IMiqwRIVpIdvFeDavAAAC-qlyAAA="},"authentication":"@parameters('$authentication')"}}},"runAfter":{},"else":{"actions":{"Move_email_(V2)_-_Default_Move_to_reactive_folder":{"runAfter":{},"metadata":{"Id::AAMkADQ1MmIwMzQ4LWZkMWMtNDY3MS1hODBiLTk2ZWQyOTUzYmY1NgAuAAAAAAAMaG1u3hklTqrFpRgSGVqHAQCmmK4IMiqwRIVpIdvFeDavAAAC-qjVAAA=":"B - Reactive"},"type":"OpenApiConnection","inputs":{"host":{"apiId":"/providers/Microsoft.PowerApps/apis/shared_office365","connectionName":"shared_office365","operationId":"MoveV2"},"parameters":{"messageId":"@triggerOutputs()?['body/id']","folderPath":"Id::AAMkADQ1MmIwMzQ4LWZkMWMtNDY3MS1hODBiLTk2ZWQyOTUzYmY1NgAuAAAAAAAMaG1u3hklTqrFpRgSGVqHAQCmmK4IMiqwRIVpIdvFeDavAAAC-qjVAAA="},"authentication":"@parameters('$authentication')"},"description":"Add this to the end of your decision tree to move it to the default folder"}}},"expression":{"equals":["@variables('isBackupAccount')",true]},"type":"If"}},"runAfter":{"Sorting_Tree_Continued_companies_7-12_[Config_Req'd]":["Succeeded"]},"expression":{"and":[{"equals":["@variables('isProcessed')",false]},{"equals":["@variables('isReactive')",true]}]},"type":"If"},"Sorting_Tree_Continued_companies_7-12_[Config_Req'd]":{"actions":{"isMedicineHat":{"actions":{"Set_variable_7":{"runAfter":{"isCmhReactive":["Succeeded"]},"type":"SetVariable","inputs":{"name":"isProcessed","value":true}},"isCmhReactive":{"actions":{"Move_email_(V2)":{"runAfter":{},"metadata":{"Id::AAMkADQ1MmIwMzQ4LWZkMWMtNDY3MS1hODBiLTk2ZWQyOTUzYmY1NgAuAAAAAAAMaG1u3hklTqrFpRgSGVqHAQCmmK4IMiqwRIVpIdvFeDavAAAC-qkMAAA=":"City of Medicine Hat"},"type":"OpenApiConnection","inputs":{"host":{"apiId":"/providers/Microsoft.PowerApps/apis/shared_office365","connectionName":"shared_office365","operationId":"MoveV2"},"parameters":{"messageId":"@triggerOutputs()?['body/id']","folderPath":"Id::AAMkADQ1MmIwMzQ4LWZkMWMtNDY3MS1hODBiLTk2ZWQyOTUzYmY1NgAuAAAAAAAMaG1u3hklTqrFpRgSGVqHAQCmmK4IMiqwRIVpIdvFeDavAAAC-qkMAAA="},"authentication":"@parameters('$authentication')"}}},"runAfter":{},"else":{"actions":{"Move_email_(V2)_15":{"runAfter":{},"metadata":{"Id::AAMkADQ1MmIwMzQ4LWZkMWMtNDY3MS1hODBiLTk2ZWQyOTUzYmY1NgAuAAAAAAAMaG1u3hklTqrFpRgSGVqHAQCmmK4IMiqwRIVpIdvFeDavAAAC-qjYAAA=":"A - City of Medicine Hat"},"type":"OpenApiConnection","inputs":{"host":{"apiId":"/providers/Microsoft.PowerApps/apis/shared_office365","connectionName":"shared_office365","operationId":"MoveV2"},"parameters":{"messageId":"@triggerOutputs()?['body/id']","folderPath":"Id::AAMkADQ1MmIwMzQ4LWZkMWMtNDY3MS1hODBiLTk2ZWQyOTUzYmY1NgAuAAAAAAAMaG1u3hklTqrFpRgSGVqHAQCmmK4IMiqwRIVpIdvFeDavAAAC-qjYAAA="},"authentication":"@parameters('$authentication')"}}}},"expression":{"equals":["@variables('isReactive')",true]},"type":"If"}},"runAfter":{},"else":{"actions":{"isYukon":{"actions":{"isYukonReactive":{"actions":{"Move_email_(V2)_2":{"runAfter":{},"metadata":{"Id::AAMkADQ1MmIwMzQ4LWZkMWMtNDY3MS1hODBiLTk2ZWQyOTUzYmY1NgAuAAAAAAAMaG1u3hklTqrFpRgSGVqHAQCmmK4IMiqwRIVpIdvFeDavAAAC-qkIAAA=":"Parkland","Id::AAMkADQ1MmIwMzQ4LWZkMWMtNDY3MS1hODBiLTk2ZWQyOTUzYmY1NgAuAAAAAAAMaG1u3hklTqrFpRgSGVqHAQCmmK4IMiqwRIVpIdvFeDavAAAC-qm8AAA=":"Yukon"},"type":"OpenApiConnection","inputs":{"host":{"apiId":"/providers/Microsoft.PowerApps/apis/shared_office365","connectionName":"shared_office365","operationId":"MoveV2"},"parameters":{"messageId":"@triggerOutputs()?['body/id']","folderPath":"Id::AAMkADQ1MmIwMzQ4LWZkMWMtNDY3MS1hODBiLTk2ZWQyOTUzYmY1NgAuAAAAAAAMaG1u3hklTqrFpRgSGVqHAQCmmK4IMiqwRIVpIdvFeDavAAAC-qm8AAA="},"authentication":"@parameters('$authentication')"}}},"runAfter":{},"else":{"actions":{"Move_email_(V2)_16":{"runAfter":{},"metadata":{"Id::AAMkADQ1MmIwMzQ4LWZkMWMtNDY3MS1hODBiLTk2ZWQyOTUzYmY1NgAuAAAAAAAMaG1u3hklTqrFpRgSGVqHAQCmmK4IMiqwRIVpIdvFeDavAAAC-qjuAAA=":"A - Parkland","Id::AAMkADQ1MmIwMzQ4LWZkMWMtNDY3MS1hODBiLTk2ZWQyOTUzYmY1NgAuAAAAAAAMaG1u3hklTqrFpRgSGVqHAQCmmK4IMiqwRIVpIdvFeDavAAAC-qmrAAA=":"A - Yukon"},"type":"OpenApiConnection","inputs":{"host":{"apiId":"/providers/Microsoft.PowerApps/apis/shared_office365","connectionName":"shared_office365","operationId":"MoveV2"},"parameters":{"messageId":"@triggerOutputs()?['body/id']","folderPath":"Id::AAMkADQ1MmIwMzQ4LWZkMWMtNDY3MS1hODBiLTk2ZWQyOTUzYmY1NgAuAAAAAAAMaG1u3hklTqrFpRgSGVqHAQCmmK4IMiqwRIVpIdvFeDavAAAC-qmrAAA="},"authentication":"@parameters('$authentication')"}}}},"expression":{"equals":["@variables('isReactive')",true]},"type":"If"},"Set_variable_8":{"runAfter":{"isYukonReactive":["Succeeded"]},"type":"SetVariable","inputs":{"name":"isProcessed","value":true}}},"runAfter":{},"else":{"actions":{"isBonavista":{"actions":{"isBonavistaReactive":{"actions":{"Move_email_(V2)_17":{"runAfter":{},"metadata":{"Id::AAMkADQ1MmIwMzQ4LWZkMWMtNDY3MS1hODBiLTk2ZWQyOTUzYmY1NgAuAAAAAAAMaG1u3hklTqrFpRgSGVqHAQCmmK4IMiqwRIVpIdvFeDavAAAC-qjVAAA=":"B - Reactive","Id::AAMkADQ1MmIwMzQ4LWZkMWMtNDY3MS1hODBiLTk2ZWQyOTUzYmY1NgAuAAAAAAAMaG1u3hklTqrFpRgSGVqHAQCmmK4IMiqwRIVpIdvFeDavAAAC-qlRAAA=":"Bonavista"},"type":"OpenApiConnection","inputs":{"host":{"apiId":"/providers/Microsoft.PowerApps/apis/shared_office365","connectionName":"shared_office365","operationId":"MoveV2"},"parameters":{"messageId":"@triggerOutputs()?['body/id']","folderPath":"Id::AAMkADQ1MmIwMzQ4LWZkMWMtNDY3MS1hODBiLTk2ZWQyOTUzYmY1NgAuAAAAAAAMaG1u3hklTqrFpRgSGVqHAQCmmK4IMiqwRIVpIdvFeDavAAAC-qlRAAA="},"authentication":"@parameters('$authentication')"}}},"runAfter":{},"else":{"actions":{"Move_email_(V2)_18":{"runAfter":{},"metadata":{"Id::AQMkADQ1MmIwMzQ4LWZkMWMtNDY3MS1hODBiLTk2ZWQyOTUzYmY1NgAuAAADDGhtbt4ZJU6qxaUYEhlahwEAppiuCDIqsESFaSHbxXg2rwAAAgEMAAAA":"Inbox","Id::AAMkADQ1MmIwMzQ4LWZkMWMtNDY3MS1hODBiLTk2ZWQyOTUzYmY1NgAuAAAAAAAMaG1u3hklTqrFpRgSGVqHAQCmmK4IMiqwRIVpIdvFeDavAAAC-qlQAAA=":"A - Bonavista"},"type":"OpenApiConnection","inputs":{"host":{"apiId":"/providers/Microsoft.PowerApps/apis/shared_office365","connectionName":"shared_office365","operationId":"MoveV2"},"parameters":{"messageId":"@triggerOutputs()?['body/id']","folderPath":"Id::AAMkADQ1MmIwMzQ4LWZkMWMtNDY3MS1hODBiLTk2ZWQyOTUzYmY1NgAuAAAAAAAMaG1u3hklTqrFpRgSGVqHAQCmmK4IMiqwRIVpIdvFeDavAAAC-qlQAAA="},"authentication":"@parameters('$authentication')"}}}},"expression":{"equals":["@variables('isReactive')",true]},"type":"If"},"Set_variable_9":{"runAfter":{"isBonavistaReactive":["Succeeded"]},"type":"SetVariable","inputs":{"name":"isProcessed","value":true}}},"runAfter":{},"else":{"actions":{"isCnooc":{"actions":{"isCnoocReactive":{"actions":{"Move_email_(V2)_19":{"runAfter":{},"metadata":{"Id::AAMkADQ1MmIwMzQ4LWZkMWMtNDY3MS1hODBiLTk2ZWQyOTUzYmY1NgAuAAAAAAAMaG1u3hklTqrFpRgSGVqHAQCmmK4IMiqwRIVpIdvFeDavAAAC-qjVAAA=":"B - Reactive","Id::AAMkADQ1MmIwMzQ4LWZkMWMtNDY3MS1hODBiLTk2ZWQyOTUzYmY1NgAuAAAAAAAMaG1u3hklTqrFpRgSGVqHAQCmmK4IMiqwRIVpIdvFeDavAAAC-qmtAAA=":"Cnooc"},"type":"OpenApiConnection","inputs":{"host":{"apiId":"/providers/Microsoft.PowerApps/apis/shared_office365","connectionName":"shared_office365","operationId":"MoveV2"},"parameters":{"messageId":"@triggerOutputs()?['body/id']","folderPath":"Id::AAMkADQ1MmIwMzQ4LWZkMWMtNDY3MS1hODBiLTk2ZWQyOTUzYmY1NgAuAAAAAAAMaG1u3hklTqrFpRgSGVqHAQCmmK4IMiqwRIVpIdvFeDavAAAC-qmtAAA="},"authentication":"@parameters('$authentication')"}}},"runAfter":{},"else":{"actions":{"Move_email_(V2)_20":{"runAfter":{},"metadata":{"Id::AQMkADQ1MmIwMzQ4LWZkMWMtNDY3MS1hODBiLTk2ZWQyOTUzYmY1NgAuAAADDGhtbt4ZJU6qxaUYEhlahwEAppiuCDIqsESFaSHbxXg2rwAAAgEMAAAA":"Inbox","Id::AAMkADQ1MmIwMzQ4LWZkMWMtNDY3MS1hODBiLTk2ZWQyOTUzYmY1NgAuAAAAAAAMaG1u3hklTqrFpRgSGVqHAQCmmK4IMiqwRIVpIdvFeDavAAAC-qjwAAA=":"A - Cnooc"},"type":"OpenApiConnection","inputs":{"host":{"apiId":"/providers/Microsoft.PowerApps/apis/shared_office365","connectionName":"shared_office365","operationId":"MoveV2"},"parameters":{"messageId":"@triggerOutputs()?['body/id']","folderPath":"Id::AAMkADQ1MmIwMzQ4LWZkMWMtNDY3MS1hODBiLTk2ZWQyOTUzYmY1NgAuAAAAAAAMaG1u3hklTqrFpRgSGVqHAQCmmK4IMiqwRIVpIdvFeDavAAAC-qjwAAA="},"authentication":"@parameters('$authentication')"}}}},"expression":{"equals":["@variables('isReactive')",true]},"type":"If"},"Set_variable_10":{"runAfter":{"isCnoocReactive":["Succeeded"]},"type":"SetVariable","inputs":{"name":"isProcessed","value":true}}},"runAfter":{},"else":{"actions":{"isCx3":{"actions":{"isCx3Reactive":{"actions":{"Move_email_(V2)_21":{"runAfter":{},"metadata":{"Id::AAMkADQ1MmIwMzQ4LWZkMWMtNDY3MS1hODBiLTk2ZWQyOTUzYmY1NgAuAAAAAAAMaG1u3hklTqrFpRgSGVqHAQCmmK4IMiqwRIVpIdvFeDavAAAC-qjVAAA=":"B - Reactive"},"type":"OpenApiConnection","inputs":{"host":{"apiId":"/providers/Microsoft.PowerApps/apis/shared_office365","connectionName":"shared_office365","operationId":"MoveV2"},"parameters":{"messageId":"@triggerOutputs()?['body/id']","folderPath":"Id::AAMkADQ1MmIwMzQ4LWZkMWMtNDY3MS1hODBiLTk2ZWQyOTUzYmY1NgAuAAAAAAAMaG1u3hklTqrFpRgSGVqHAQCmmK4IMiqwRIVpIdvFeDavAAAC-qjVAAA="},"authentication":"@parameters('$authentication')"}}},"runAfter":{},"else":{"actions":{"Move_email_(V2)_22":{"runAfter":{},"metadata":{"Id::AQMkADQ1MmIwMzQ4LWZkMWMtNDY3MS1hODBiLTk2ZWQyOTUzYmY1NgAuAAADDGhtbt4ZJU6qxaUYEhlahwEAppiuCDIqsESFaSHbxXg2rwAAAgEMAAAA":"Inbox"},"type":"OpenApiConnection","inputs":{"host":{"apiId":"/providers/Microsoft.PowerApps/apis/shared_office365","connectionName":"shared_office365","operationId":"MoveV2"},"parameters":{"messageId":"@triggerOutputs()?['body/id']","folderPath":"Id::AQMkADQ1MmIwMzQ4LWZkMWMtNDY3MS1hODBiLTk2ZWQyOTUzYmY1NgAuAAADDGhtbt4ZJU6qxaUYEhlahwEAppiuCDIqsESFaSHbxXg2rwAAAgEMAAAA"},"authentication":"@parameters('$authentication')"}}}},"expression":{"equals":["@variables('isReactive')",true]},"type":"If"},"Set_variable_11":{"runAfter":{"isCx3Reactive":["Succeeded"]},"type":"SetVariable","inputs":{"name":"isProcessed","value":true}}},"runAfter":{},"expression":{"or":[{"contains":["@triggerOutputs()?['body/toRecipients']","cx3.com"]},{"contains":["@triggerOutputs()?['body/subject']","cx3"]},{"contains":["@triggerOutputs()?['body/from']","cx3.com"]}]},"type":"If"}}},"expression":{"or":[{"contains":["@triggerOutputs()?['body/toRecipients']","intl.cnoocltd.com"]},{"contains":["@triggerOutputs()?['body/subject']","CNOOC"]},{"contains":["@triggerOutputs()?['body/from']","intl.cnoocltd.com"]},{"contains":["@triggerOutputs()?['body/subject']","Nexen"]}]},"type":"If"}}},"expression":{"or":[{"contains":["@triggerOutputs()?['body/toRecipients']","bonavistaenergy.com"]},{"contains":["@triggerOutputs()?['body/subject']","Bonavista"]},{"contains":["@triggerOutputs()?['body/from']","bonavistaenergy.com"]}]},"type":"If"}}},"expression":{"or":[{"contains":["@triggerOutputs()?['body/toRecipients']","gov.yk.ca"]},{"contains":["@triggerOutputs()?['body/subject']","Yukon"]},{"contains":["@triggerOutputs()?['body/from']","gov.yk.ca"]}]},"type":"If"}}},"expression":{"or":[{"equals":["@triggerOutputs()?['body/toRecipients']","medicinehat.ca"]},{"contains":["@triggerOutputs()?['body/subject']","Medicine Hat"]},{"contains":["@triggerOutputs()?['body/from']","medicinehat.ca"]}]},"type":"If"}},"runAfter":{"Start_of_Cx_Sorting_Tree_companies_1-6_[Config_Req'd]":["Succeeded"]},"expression":{"equals":["@variables('isProcessed')",false]},"type":"If"},"isBackupAccount2_[User_Config]":{"actions":{"Set_variable_14":{"runAfter":{},"type":"SetVariable","inputs":{"name":"isBackupAccount","value":true}}},"runAfter":{"isBackupAccount_[User_Config]":["Succeeded"]},"expression":{"and":[{"contains":["@triggerOutputs()?['body/toRecipients']","enerflex.com"]},{"contains":["@triggerOutputs()?['body/from']","enerflex.com"]}]},"type":"If"},"isBackupAccount_[User_Config]":{"actions":{"var_isBackupAccount=true":{"runAfter":{},"type":"SetVariable","inputs":{"name":"isBackupAccount","value":true}}},"runAfter":{"getReactiveCaseNumber":["Succeeded"]},"expression":{"or":[{"contains":["@triggerOutputs()?['body/toRecipients']","rseg.com"]},{"contains":["@triggerOutputs()?['body/from']","rseg.com"]},{"contains":["@triggerOutputs()?['body/toRecipients']","priceindustries.com"]},{"contains":["@triggerOutputs()?['body/from']","priceindustries.com"]},{"contains":["@triggerOutputs()?['body/toRecipients']","umanitoba.ca"]},{"contains":["@triggerOutputs()?['body/from']","umanitoba.ca"]},{"contains":["@triggerOutputs()?['body/toRecipients']","sait.ca"]},{"contains":["@triggerOutputs()?['body/from']","sait.ca"]},{"contains":["@triggerOutputs()?['body/toRecipients']","enerflex.com"]},{"contains":["@triggerOutputs()?['body/from']","enerflex.com"]}]},"type":"If"}},"outputs":{},"description":"Flow to automate email process and integrate teams."},"connectionReferences":{"shared_regex.5f4c1e90cbd0f5e3a0.5fc2c1b9a9faf3eeeb":{"connectionName":"shared-regex.5f4c1e9-d96b60a8-5f57-4440-8cf8-d040f77f41bf","source":"Embedded","id":"/providers/Microsoft.PowerApps/apis/shared_regex.5f4c1e90cbd0f5e3a0.5fc2c1b9a9faf3eeeb","tier":"NotSpecified"},"shared_office365users":{"connectionName":"a67b833e-f5b0-4874-95cf-1581-8a0bca30","source":"Embedded","id":"/providers/Microsoft.PowerApps/apis/shared_office365users","tier":"NotSpecified"},"shared_office365":{"connectionName":"0e2058b4-fa17-4a6b-86a0-cfdc-0c3d3631","source":"Embedded","id":"/providers/Microsoft.PowerApps/apis/shared_office365","tier":"NotSpecified"}},"flowFailureAlertSubscribed":false}}