{"name":"d1e5e80d-838f-4611-a0d9-fd3389987532","id":"/providers/Microsoft.Flow/flows/d1e5e80d-838f-4611-a0d9-fd3389987532","type":"Microsoft.Flow/flows","properties":{"apiId":"/providers/Microsoft.PowerApps/apis/shared_logicflows","displayName":"Process Customer Emails_v1.0.3","definition":{"metadata":{"workflowEntityId":null,"flowclientsuspensionreason":"None","flowclientsuspensiontime":null,"creator":{"id":"f40e910b-c333-4543-ae08-8d4d75e23ab5","type":"User","tenantId":"72f988bf-86f1-41af-91ab-2d7cd011db47"},"provisioningMethod":"FromDefinition","failureAlertSubscription":true,"clientLastModifiedTime":"2020-08-12T19:07:00.1041974Z"},"$schema":"https://schema.management.azure.com/providers/Microsoft.Logic/schemas/2016-06-01/workflowdefinition.json#","contentVersion":"1.0.0.0","parameters":{"$connections":{"defaultValue":{},"type":"Object"},"$authentication":{"defaultValue":{},"type":"SecureObject"}},"triggers":{"On_new_email":{"recurrence":{"frequency":"Minute","interval":1},"splitOn":"@triggerOutputs()?['body/value']","type":"OpenApiConnection","inputs":{"host":{"apiId":"/providers/Microsoft.PowerApps/apis/shared_office365","connectionName":"shared_office365","operationId":"OnNewEmailV2"},"parameters":{"folderPath":"Inbox","importance":"Normal"},"authentication":"@parameters('$authentication')"}}},"actions":{"Trigger_if_8,_15_digit_numbers,_'CritSit'_or_'ticket'_is_in_email_subject":{"runAfter":{"var_caseLink":["Succeeded"]},"type":"OpenApiConnection","inputs":{"host":{"apiId":"/providers/Microsoft.PowerApps/apis/shared_regex.5f4c1e90cbd0f5e3a0.5fc2c1b9a9faf3eeeb","connectionName":"shared_regex.5f4c1e90cbd0f5e3a0.5fc2c1b9a9faf3eeeb","operationId":"GetMatches"},"parameters":{"base64regex":"((^|\\D)(\\d{8}|\\d{15})(\\D|$))|[tT]icket|CritSit|Critical Situation|New case created","body/contentToParse":"@triggerOutputs()?['body/subject']"},"authentication":"@parameters('$authentication')"}},"var_isProcessed":{"runAfter":{"Get_my_profile_(V2)":["Succeeded"]},"type":"InitializeVariable","inputs":{"variables":[{"name":"isProcessed","type":"Boolean","value":false}]}},"var_notifyOnCritsit":{"runAfter":{"var_isProcessed":["Succeeded"]},"type":"InitializeVariable","inputs":{"variables":[{"name":"SmsNotifyOnCritsit","type":"Boolean","value":true}]}},"Check_if_email_is_reactive":{"foreach":"@outputs('Trigger_if_8,_15_digit_numbers,_''CritSit''_or_''ticket''_is_in_email_subject')?['body/value']","actions":{"isReactive":{"actions":{"isReactive=true":{"runAfter":{},"type":"SetVariable","inputs":{"name":"isReactive","value":true}}},"runAfter":{},"expression":{"or":[{"contains":["@triggerOutputs()?['body/subject']","@items('Check_if_email_is_reactive')?['match']"]},{"contains":["@triggerOutputs()?['body/from']","o365csup@microsoft.com"]},{"equals":["@variables('isCritSit')",true]},{"and":[{"not":{"contains":["@triggerOutputs()?['body/toRecipients']","jason.deboer"]}},{"not":{"contains":["@triggerOutputs()?['body/toRecipients']","@outputs('Get_my_profile_(V2)')?['body/mail']"]}}]}]},"type":"If"}},"runAfter":{"isCritSit_[Config_req'd_for_CsCaseOptions]":["Succeeded"]},"type":"Foreach"},"isCritSit_[Config_req'd_for_CsCaseOptions]":{"actions":{"isSmsNotificationEnabled":{"actions":{"Send_me_a_mobile_notification":{"runAfter":{},"type":"OpenApiConnection","inputs":{"host":{"apiId":"/providers/Microsoft.PowerApps/apis/shared_flowpush","connectionName":"shared_flowpush","operationId":"SendNotification"},"parameters":{"NotificationDefinition/notificationText":"Critical Situation","NotificationDefinition/notificationLink/label":"@triggerOutputs()?['body/subject']"},"authentication":"@parameters('$authentication')"}}},"runAfter":{"isCritSit=true":["Succeeded"]},"expression":{"equals":["@variables('SmsNotifyOnCritsit')",true]},"type":"If"},"isCritSit=true":{"runAfter":{},"type":"SetVariable","inputs":{"name":"isCritSit","value":true}},"Switch_2_[Config_Opts]":{"runAfter":{"CsOptions":["Succeeded","TimedOut"]},"cases":{"Case_submitIM_[Config_Req'd]":{"case":"submitIM","actions":{"Post_your_own_adaptive_card_as_the_Flow_bot_to_a_user_3":{"runAfter":{},"type":"OpenApiConnection","inputs":{"host":{"apiId":"/providers/Microsoft.PowerApps/apis/shared_teams","connectionName":"shared_teams","operationId":"PostUserAdaptiveCard"},"parameters":{"PostAdaptiveCardRequest/recipient/to":"Jason.DeBoer@microsoft.com;","PostAdaptiveCardRequest/messageBody":"{\n    \"type\": \"AdaptiveCard\",\n    \"version\": \"1.0\",\n    \"body\": [\n        {\n            \"type\": \"TextBlock\",\n            \"text\": \"Case - @{variables('caseNumber')}\",\n             \"wrap\": true,\n             \"color\": \"Accent\"\n        },\n        {\n            \"type\": \"TextBlock\",\n            \"text\": \"Hi [IM] can you please look into this case for me. \",\n             \"wrap\": true\n        },\n        {\n            \"type\": \"TextBlock\",\n            \"text\": \"@{outputs('CsOptions')?['body/data/inputComment']}\",\n             \"wrap\": true\n        }\n    ],\n    \"$schema\": \"http://adaptivecards.io/schemas/adaptive-card.json\",\n    \"actions\": [\n        {\n            \"type\": \"Action.OpenUrl\",\n            \"title\": \"OpenCase\",\n            \"id\":\"openCase\",\n            \"url\": \"@{variables('caseLink')}\"\n\n        }\n    ]\n}"},"authentication":"@parameters('$authentication')"}}}},"submitTodo_[Config_Req'd]":{"case":"submitTodo","actions":{"Add_a_to-do_(V2)_2":{"runAfter":{},"type":"OpenApiConnection","inputs":{"host":{"apiId":"/providers/Microsoft.PowerApps/apis/shared_todo","connectionName":"shared_todo","operationId":"CreateToDoV2"},"parameters":{"body/Subject":"Follow up on reactive case - @{variables('caseNumber')}","folderId":"AAMkADQ1MmIwMzQ4LWZkMWMtNDY3MS1hODBiLTk2ZWQyOTUzYmY1NgAuAAAAAAAMaG1u3hklTqrFpRgSGVqHAQCmmK4IMiqwRIVpIdvFeDavAAAC-ql2AAA=","body/Body/Content":"<p>Case Number: @{variables('caseNumber')} - \n<a href=\"@{variables('caseLink')}\">\nOpen Case\n</a><br>\n<br>\n<br>\n@{outputs('CsOptions')?['body/data/inputComment']}</p>"},"authentication":"@parameters('$authentication')"}},"Create_a_task_3":{"runAfter":{"Add_a_to-do_(V2)_2":["Succeeded"]},"type":"OpenApiConnection","inputs":{"host":{"apiId":"/providers/Microsoft.PowerApps/apis/shared_planner","connectionName":"shared_planner_1","operationId":"CreateTask_V3"},"parameters":{"body/groupId":"c0e7289b-5307-40ed-86a9-94d3fd2bfe86","body/planId":"7Eqsd8rxrU-SWthLmkFUmpUAGRfc","body/title":"@{variables('caseNumber')} - Follow up on reactive case with ...","body/bucketId":"7mVAJFscY0eANz_ggDo2m5UAIuAJ"},"authentication":"@parameters('$authentication')"}}}}},"default":{"actions":{}},"expression":"@outputs('CsOptions')?['body/submitActionId']","type":"Switch"},"CsOptions":{"runAfter":{"isSmsNotificationEnabled":["Succeeded"]},"limit":{"timeout":"P3H"},"type":"OpenApiConnectionWebhook","inputs":{"host":{"apiId":"/providers/Microsoft.PowerApps/apis/shared_teams","connectionName":"shared_teams","operationId":"SubscribeUserFlowContinuation"},"parameters":{"UserFlowContinuationSubscriptionRequest/body/recipient/to":"@outputs('Get_my_profile_(V2)')?['body/mail']","UserFlowContinuationSubscriptionRequest/body/messageBody":"{\n    \"type\": \"AdaptiveCard\",\n    \"$schema\": \"http://adaptivecards.io/schemas/adaptive-card.json\",\n    \"version\": \"1.2\",\n    \"actions\": [\n        {\n            \"title\": \"Ignore\",\n            \"type\": \"Action.Submit\",\n            \"id\": \"submitIgnore\"\n        },\n        {\n            \"title\": \"Add Todo\",\n            \"type\": \"Action.Submit\",\n            \"id\": \"submitTodo\"\n        },\n        {\n            \"title\": \"Ping IM\",\n            \"type\": \"Action.Submit\",\n            \"id\": \"submitIM\"\n        },\n        {\n            \"title\": \"Open Case\",\n            \"type\": \"Action.OpenUrl\",\n            \"id\": \"openCase\",\n            \"url\": \"@{variables('caseLink')}\"\n        }\n    ],\n    \"body\": [\n        {\n            \"type\": \"TextBlock\",\n            \"color\": \"Accent\",\n            \"text\": \"@{variables('caseNumber')}\"\n        },\n        {\n            \"type\": \"TextBlock\",\n            \"id\": \"submit\",\n            \"wrap\": true,\n            \"text\": \"@{triggerOutputs()?['body/subject']}\"\n        },\n        {\n            \"type\": \"TextBlock\",\n            \"wrap\": true,\n            \"maxLines\": 6,\n            \"size\": \"Large\",\n            \"text\": \"\"\n        },\n        {\n            \"placeholder\": \"Comment\",\n            \"type\": \"Input.Text\",\n            \"id\": \"inputComment\",\n            \"separator\": true,\n            \"spacing\": \"ExtraLarge\"\n        }\n    ],\n    \"-ms-tokens\": {}\n}","UserFlowContinuationSubscriptionRequest/body/updateMessage":"Done","UserFlowContinuationSubscriptionRequest/body/shouldUpdateCard":true},"authentication":"@parameters('$authentication')"}}},"runAfter":{"isBackupAccount2_[User_Config]":["Succeeded"]},"expression":{"or":[{"contains":["@triggerOutputs()?['body/subject']","Critical Situation"]},{"contains":["@triggerOutputs()?['body/subject']","CritSit"]},{"contains":["@triggerOutputs()?['body/subject']","Sev A"]}]},"type":"If"},"var_isCritSit":{"runAfter":{"var_notifyOnCritsit":["Succeeded"]},"type":"InitializeVariable","inputs":{"variables":[{"name":"isCritSit","type":"Boolean","value":false}]}},"var_isReactive":{"runAfter":{"var_isCritSit":["Succeeded"]},"type":"InitializeVariable","inputs":{"variables":[{"name":"isReactive","type":"Boolean","value":false}]}},"Start_of_Cx_Sorting_Tree_companies_1-6_[Config_Req'd]":{"actions":{"Set_variable":{"runAfter":{"isCx1Reactive":["Succeeded"]},"type":"SetVariable","inputs":{"name":"isProcessed","value":true}},"isCx1Reactive":{"actions":{"Move_email_(V2)_6":{"runAfter":{},"metadata":{"Id::AAMkADQ1MmIwMzQ4LWZkMWMtNDY3MS1hODBiLTk2ZWQyOTUzYmY1NgAuAAAAAAAMaG1u3hklTqrFpRgSGVqHAQCmmK4IMiqwRIVpIdvFeDavAAAC-qj5AAA=":"Nova","Id::AAMkADQ1MmIwMzQ4LWZkMWMtNDY3MS1hODBiLTk2ZWQyOTUzYmY1NgAuAAAAAAAMaG1u3hklTqrFpRgSGVqHAQCmmK4IMiqwRIVpIdvFeDavAAAC-qmsAAA=":"Aura"},"type":"OpenApiConnection","inputs":{"host":{"apiId":"/providers/Microsoft.PowerApps/apis/shared_office365","connectionName":"shared_office365","operationId":"MoveV2"},"parameters":{"messageId":"@triggerOutputs()?['body/id']","folderPath":"Id::AAMkADQ1MmIwMzQ4LWZkMWMtNDY3MS1hODBiLTk2ZWQyOTUzYmY1NgAuAAAAAAAMaG1u3hklTqrFpRgSGVqHAQCmmK4IMiqwRIVpIdvFeDavAAAC-qmsAAA="},"authentication":"@parameters('$authentication')"}}},"runAfter":{},"else":{"actions":{"Move_email_(V2)_3":{"runAfter":{},"metadata":{"Id::AAMkADQ1MmIwMzQ4LWZkMWMtNDY3MS1hODBiLTk2ZWQyOTUzYmY1NgAuAAAAAAAMaG1u3hklTqrFpRgSGVqHAQCmmK4IMiqwRIVpIdvFeDavAAAC-qiSAAA=":"A - Nova","Id::AAMkADQ1MmIwMzQ4LWZkMWMtNDY3MS1hODBiLTk2ZWQyOTUzYmY1NgAuAAAAAAAMaG1u3hklTqrFpRgSGVqHAQCmmK4IMiqwRIVpIdvFeDavAAAC-qmTAAA=":"A - Aura Advanced Technologies"},"type":"OpenApiConnection","inputs":{"host":{"apiId":"/providers/Microsoft.PowerApps/apis/shared_office365","connectionName":"shared_office365","operationId":"MoveV2"},"parameters":{"messageId":"@triggerOutputs()?['body/id']","folderPath":"Id::AAMkADQ1MmIwMzQ4LWZkMWMtNDY3MS1hODBiLTk2ZWQyOTUzYmY1NgAuAAAAAAAMaG1u3hklTqrFpRgSGVqHAQCmmK4IMiqwRIVpIdvFeDavAAAC-qmTAAA="},"authentication":"@parameters('$authentication')"}}}},"expression":{"equals":["@variables('isReactive')",true]},"type":"If"}},"runAfter":{"Check_if_email_is_reactive":["Succeeded"]},"else":{"actions":{"isCx2":{"actions":{"Set_variable_2":{"runAfter":{"isCx2Reactive":["Succeeded"]},"type":"SetVariable","inputs":{"name":"isProcessed","value":true}},"isCx2Reactive":{"actions":{"Move_email_(V2)_7":{"runAfter":{},"metadata":{"Id::AAMkADQ1MmIwMzQ4LWZkMWMtNDY3MS1hODBiLTk2ZWQyOTUzYmY1NgAuAAAAAAAMaG1u3hklTqrFpRgSGVqHAQCmmK4IMiqwRIVpIdvFeDavAAAC-qj4AAA=":"Ensign"},"type":"OpenApiConnection","inputs":{"host":{"apiId":"/providers/Microsoft.PowerApps/apis/shared_office365","connectionName":"shared_office365","operationId":"MoveV2"},"parameters":{"messageId":"@triggerOutputs()?['body/id']","folderPath":"Id::AAMkADQ1MmIwMzQ4LWZkMWMtNDY3MS1hODBiLTk2ZWQyOTUzYmY1NgAuAAAAAAAMaG1u3hklTqrFpRgSGVqHAQCmmK4IMiqwRIVpIdvFeDavAAAC-qj4AAA="},"authentication":"@parameters('$authentication')"}}},"runAfter":{},"else":{"actions":{"Move_email_(V2)_4":{"runAfter":{},"metadata":{"Id::AAMkADQ1MmIwMzQ4LWZkMWMtNDY3MS1hODBiLTk2ZWQyOTUzYmY1NgAuAAAAAAAMaG1u3hklTqrFpRgSGVqHAQCmmK4IMiqwRIVpIdvFeDavAAAC-qiTAAA=":"A - Ensign"},"type":"OpenApiConnection","inputs":{"host":{"apiId":"/providers/Microsoft.PowerApps/apis/shared_office365","connectionName":"shared_office365","operationId":"MoveV2"},"parameters":{"messageId":"@triggerOutputs()?['body/id']","folderPath":"Id::AAMkADQ1MmIwMzQ4LWZkMWMtNDY3MS1hODBiLTk2ZWQyOTUzYmY1NgAuAAAAAAAMaG1u3hklTqrFpRgSGVqHAQCmmK4IMiqwRIVpIdvFeDavAAAC-qiTAAA="},"authentication":"@parameters('$authentication')"}}}},"expression":{"equals":["@variables('isReactive')",true]},"type":"If"}},"runAfter":{},"else":{"actions":{"isCx3":{"actions":{"Set_variable_3":{"runAfter":{"isCx3Reactive":["Succeeded"]},"type":"SetVariable","inputs":{"name":"isProcessed","value":true}},"isCx3Reactive":{"actions":{"Move_email_(V2)_8":{"runAfter":{},"metadata":{"Id::AAMkADQ1MmIwMzQ4LWZkMWMtNDY3MS1hODBiLTk2ZWQyOTUzYmY1NgAuAAAAAAAMaG1u3hklTqrFpRgSGVqHAQCmmK4IMiqwRIVpIdvFeDavAAAC-qj3AAA=":"UFA"},"type":"OpenApiConnection","inputs":{"host":{"apiId":"/providers/Microsoft.PowerApps/apis/shared_office365","connectionName":"shared_office365","operationId":"MoveV2"},"parameters":{"messageId":"@triggerOutputs()?['body/id']","folderPath":"Id::AAMkADQ1MmIwMzQ4LWZkMWMtNDY3MS1hODBiLTk2ZWQyOTUzYmY1NgAuAAAAAAAMaG1u3hklTqrFpRgSGVqHAQCmmK4IMiqwRIVpIdvFeDavAAAC-qj3AAA="},"authentication":"@parameters('$authentication')"}}},"runAfter":{},"else":{"actions":{"Move_email_(V2)_5":{"runAfter":{},"metadata":{"Id::AAMkADQ1MmIwMzQ4LWZkMWMtNDY3MS1hODBiLTk2ZWQyOTUzYmY1NgAuAAAAAAAMaG1u3hklTqrFpRgSGVqHAQCmmK4IMiqwRIVpIdvFeDavAAAC-qjtAAA=":"A - UFA"},"type":"OpenApiConnection","inputs":{"host":{"apiId":"/providers/Microsoft.PowerApps/apis/shared_office365","connectionName":"shared_office365","operationId":"MoveV2"},"parameters":{"messageId":"@triggerOutputs()?['body/id']","folderPath":"Id::AAMkADQ1MmIwMzQ4LWZkMWMtNDY3MS1hODBiLTk2ZWQyOTUzYmY1NgAuAAAAAAAMaG1u3hklTqrFpRgSGVqHAQCmmK4IMiqwRIVpIdvFeDavAAAC-qjtAAA="},"authentication":"@parameters('$authentication')"}}}},"expression":{"equals":["@variables('isReactive')",true]},"type":"If"}},"runAfter":{},"else":{"actions":{"isCx4":{"actions":{"Set_variable_4":{"runAfter":{"isCx4Reactive":["Succeeded"]},"type":"SetVariable","inputs":{"name":"isProcessed","value":true}},"isCx4Reactive":{"actions":{"Move_email_(V2)_9":{"runAfter":{},"metadata":{"Id::AAMkADQ1MmIwMzQ4LWZkMWMtNDY3MS1hODBiLTk2ZWQyOTUzYmY1NgAuAAAAAAAMaG1u3hklTqrFpRgSGVqHAQCmmK4IMiqwRIVpIdvFeDavAAAC-qj_AAA=":"Enerplus"},"type":"OpenApiConnection","inputs":{"host":{"apiId":"/providers/Microsoft.PowerApps/apis/shared_office365","connectionName":"shared_office365","operationId":"MoveV2"},"parameters":{"messageId":"@triggerOutputs()?['body/id']","folderPath":"Id::AAMkADQ1MmIwMzQ4LWZkMWMtNDY3MS1hODBiLTk2ZWQyOTUzYmY1NgAuAAAAAAAMaG1u3hklTqrFpRgSGVqHAQCmmK4IMiqwRIVpIdvFeDavAAAC-qj_AAA="},"authentication":"@parameters('$authentication')"}}},"runAfter":{},"else":{"actions":{"Move_email_(V2)_12":{"runAfter":{},"metadata":{"Id::AAMkADQ1MmIwMzQ4LWZkMWMtNDY3MS1hODBiLTk2ZWQyOTUzYmY1NgAuAAAAAAAMaG1u3hklTqrFpRgSGVqHAQCmmK4IMiqwRIVpIdvFeDavAAAC-qj8AAA=":"A - Enerplus"},"type":"OpenApiConnection","inputs":{"host":{"apiId":"/providers/Microsoft.PowerApps/apis/shared_office365","connectionName":"shared_office365","operationId":"MoveV2"},"parameters":{"messageId":"@triggerOutputs()?['body/id']","folderPath":"Id::AAMkADQ1MmIwMzQ4LWZkMWMtNDY3MS1hODBiLTk2ZWQyOTUzYmY1NgAuAAAAAAAMaG1u3hklTqrFpRgSGVqHAQCmmK4IMiqwRIVpIdvFeDavAAAC-qj8AAA="},"authentication":"@parameters('$authentication')"}}}},"expression":{"equals":["@variables('isReactive')",true]},"type":"If"}},"runAfter":{},"else":{"actions":{"isCx5":{"actions":{"Set_variable_5":{"runAfter":{"isCx5Reactive":["Succeeded"]},"type":"SetVariable","inputs":{"name":"isProcessed","value":true}},"isCx5Reactive":{"actions":{"Move_email_(V2)_10":{"runAfter":{},"metadata":{"Id::AAMkADQ1MmIwMzQ4LWZkMWMtNDY3MS1hODBiLTk2ZWQyOTUzYmY1NgAuAAAAAAAMaG1u3hklTqrFpRgSGVqHAQCmmK4IMiqwRIVpIdvFeDavAAAC-qj6AAA=":"Calfrac"},"type":"OpenApiConnection","inputs":{"host":{"apiId":"/providers/Microsoft.PowerApps/apis/shared_office365","connectionName":"shared_office365","operationId":"MoveV2"},"parameters":{"messageId":"@triggerOutputs()?['body/id']","folderPath":"Id::AAMkADQ1MmIwMzQ4LWZkMWMtNDY3MS1hODBiLTk2ZWQyOTUzYmY1NgAuAAAAAAAMaG1u3hklTqrFpRgSGVqHAQCmmK4IMiqwRIVpIdvFeDavAAAC-qj6AAA="},"authentication":"@parameters('$authentication')"}}},"runAfter":{},"else":{"actions":{"Move_email_(V2)_13":{"runAfter":{},"metadata":{"Id::AAMkADQ1MmIwMzQ4LWZkMWMtNDY3MS1hODBiLTk2ZWQyOTUzYmY1NgAuAAAAAAAMaG1u3hklTqrFpRgSGVqHAQCmmK4IMiqwRIVpIdvFeDavAAAC-qiNAAA=":"A - Calfrac"},"type":"OpenApiConnection","inputs":{"host":{"apiId":"/providers/Microsoft.PowerApps/apis/shared_office365","connectionName":"shared_office365","operationId":"MoveV2"},"parameters":{"messageId":"@triggerOutputs()?['body/id']","folderPath":"Id::AAMkADQ1MmIwMzQ4LWZkMWMtNDY3MS1hODBiLTk2ZWQyOTUzYmY1NgAuAAAAAAAMaG1u3hklTqrFpRgSGVqHAQCmmK4IMiqwRIVpIdvFeDavAAAC-qiNAAA="},"authentication":"@parameters('$authentication')"}}}},"expression":{"equals":["@variables('isReactive')",true]},"type":"If"}},"runAfter":{},"else":{"actions":{"isCx6":{"actions":{"Set_variable_6":{"runAfter":{"isCx6Reactive":["Succeeded"]},"type":"SetVariable","inputs":{"name":"isProcessed","value":true}},"isCx6Reactive":{"actions":{"Move_email_(V2)_11":{"runAfter":{},"metadata":{"Id::AQMkADQ1MmIwMzQ4LWZkMWMtNDY3MS1hODBiLTk2ZWQyOTUzYmY1NgAuAAADDGhtbt4ZJU6qxaUYEhlahwEAppiuCDIqsESFaSHbxXg2rwAAAAL_qQAAAQ==":"Long View"},"type":"OpenApiConnection","inputs":{"host":{"apiId":"/providers/Microsoft.PowerApps/apis/shared_office365","connectionName":"shared_office365","operationId":"MoveV2"},"parameters":{"messageId":"@triggerOutputs()?['body/id']","folderPath":"Id::AQMkADQ1MmIwMzQ4LWZkMWMtNDY3MS1hODBiLTk2ZWQyOTUzYmY1NgAuAAADDGhtbt4ZJU6qxaUYEhlahwEAppiuCDIqsESFaSHbxXg2rwAAAAL_qQAAAQ=="},"authentication":"@parameters('$authentication')"}}},"runAfter":{},"else":{"actions":{"Move_email_(V2)_14":{"runAfter":{},"metadata":{"Id::AAMkADQ1MmIwMzQ4LWZkMWMtNDY3MS1hODBiLTk2ZWQyOTUzYmY1NgAuAAAAAAAMaG1u3hklTqrFpRgSGVqHAQCmmK4IMiqwRIVpIdvFeDavAAAC-qjvAAA=":"A - Long View"},"type":"OpenApiConnection","inputs":{"host":{"apiId":"/providers/Microsoft.PowerApps/apis/shared_office365","connectionName":"shared_office365","operationId":"MoveV2"},"parameters":{"messageId":"@triggerOutputs()?['body/id']","folderPath":"Id::AAMkADQ1MmIwMzQ4LWZkMWMtNDY3MS1hODBiLTk2ZWQyOTUzYmY1NgAuAAAAAAAMaG1u3hklTqrFpRgSGVqHAQCmmK4IMiqwRIVpIdvFeDavAAAC-qjvAAA="},"authentication":"@parameters('$authentication')"}}}},"expression":{"equals":["@variables('isReactive')",true]},"type":"If"}},"runAfter":{},"expression":{"or":[{"contains":["@triggerOutputs()?['body/toRecipients']","cx6.com"]},{"contains":["@triggerOutputs()?['body/subject']","Cx6"]},{"contains":["@triggerOutputs()?['body/from']","cx6.com"]}]},"type":"If"}}},"expression":{"or":[{"contains":["@triggerOutputs()?['body/toRecipients']","cx5.com"]},{"contains":["@triggerOutputs()?['body/subject']","Cx5"]},{"contains":["@triggerOutputs()?['body/from']","cx5.com"]}]},"type":"If"}}},"expression":{"or":[{"contains":["@triggerOutputs()?['body/toRecipients']","cx4.com"]},{"contains":["@triggerOutputs()?['body/subject']","Cx4"]},{"contains":["@triggerOutputs()?['body/from']","cx4..com"]}]},"type":"If"}}},"expression":{"or":[{"contains":["@triggerOutputs()?['body/toRecipients']","cx3.com"]},{"contains":["@triggerOutputs()?['body/subject']","Cx3"]},{"contains":["@triggerOutputs()?['body/from']","cx3.com"]}]},"type":"If"}}},"expression":{"or":[{"contains":["@triggerOutputs()?['body/toRecipients']","cx2.com"]},{"contains":["@triggerOutputs()?['body/subject']","Cx2"]},{"contains":["@triggerOutputs()?['body/from']","cx2.com"]}]},"type":"If"}}},"expression":{"or":[{"contains":["@triggerOutputs()?['body/toRecipients']","cx1.com"]},{"contains":["@triggerOutputs()?['body/subject']","Cx1"]},{"contains":["@triggerOutputs()?['body/from']","cx1.com"]}]},"type":"If"},"Default_Action_-_Move_to_Generic_Reactive_Folder_[Config_Req'd]":{"actions":{"Sort_To_Backup_Account":{"actions":{"Move_email_(V2)_-_Move_to_Backup_Account":{"runAfter":{},"metadata":{"Id::AAMkADQ1MmIwMzQ4LWZkMWMtNDY3MS1hODBiLTk2ZWQyOTUzYmY1NgAuAAAAAAAMaG1u3hklTqrFpRgSGVqHAQCmmK4IMiqwRIVpIdvFeDavAAAC-qlyAAA=":"Backup Accounts"},"type":"OpenApiConnection","inputs":{"host":{"apiId":"/providers/Microsoft.PowerApps/apis/shared_office365","connectionName":"shared_office365","operationId":"MoveV2"},"parameters":{"messageId":"@triggerOutputs()?['body/id']","folderPath":"Id::AAMkADQ1MmIwMzQ4LWZkMWMtNDY3MS1hODBiLTk2ZWQyOTUzYmY1NgAuAAAAAAAMaG1u3hklTqrFpRgSGVqHAQCmmK4IMiqwRIVpIdvFeDavAAAC-qlyAAA="},"authentication":"@parameters('$authentication')"}}},"runAfter":{},"else":{"actions":{"Move_email_(V2)_-_Default_Move_to_reactive_folder":{"runAfter":{},"metadata":{"Id::AAMkADQ1MmIwMzQ4LWZkMWMtNDY3MS1hODBiLTk2ZWQyOTUzYmY1NgAuAAAAAAAMaG1u3hklTqrFpRgSGVqHAQCmmK4IMiqwRIVpIdvFeDavAAAC-qjVAAA=":"B - Reactive"},"type":"OpenApiConnection","inputs":{"host":{"apiId":"/providers/Microsoft.PowerApps/apis/shared_office365","connectionName":"shared_office365","operationId":"MoveV2"},"parameters":{"messageId":"@triggerOutputs()?['body/id']","folderPath":"Id::AAMkADQ1MmIwMzQ4LWZkMWMtNDY3MS1hODBiLTk2ZWQyOTUzYmY1NgAuAAAAAAAMaG1u3hklTqrFpRgSGVqHAQCmmK4IMiqwRIVpIdvFeDavAAAC-qjVAAA="},"authentication":"@parameters('$authentication')"},"description":"Add this to the end of your decision tree to move it to the default folder"}}},"expression":{"equals":["@variables('isBackupAccount')",true]},"type":"If"}},"runAfter":{"Sorting_Tree_Continued_companies_7-12_[Config_Req'd]":["Succeeded"]},"expression":{"and":[{"equals":["@variables('isProcessed')",false]},{"equals":["@variables('isReactive')",true]}]},"type":"If"},"var_isBackupAccount":{"runAfter":{"var_isReactive":["Succeeded"]},"type":"InitializeVariable","inputs":{"variables":[{"name":"isBackupAccount","type":"boolean","value":false}]}},"Sorting_Tree_Continued_companies_7-12_[Config_Req'd]":{"actions":{"isCx7":{"actions":{"Set_variable_7":{"runAfter":{"isCx7Reactive":["Succeeded"]},"type":"SetVariable","inputs":{"name":"isProcessed","value":true}},"isCx7Reactive":{"actions":{"Move_email_(V2)":{"runAfter":{},"metadata":{"Id::AAMkADQ1MmIwMzQ4LWZkMWMtNDY3MS1hODBiLTk2ZWQyOTUzYmY1NgAuAAAAAAAMaG1u3hklTqrFpRgSGVqHAQCmmK4IMiqwRIVpIdvFeDavAAAC-qkMAAA=":"City of Medicine Hat"},"type":"OpenApiConnection","inputs":{"host":{"apiId":"/providers/Microsoft.PowerApps/apis/shared_office365","connectionName":"shared_office365","operationId":"MoveV2"},"parameters":{"messageId":"@triggerOutputs()?['body/id']","folderPath":"Id::AAMkADQ1MmIwMzQ4LWZkMWMtNDY3MS1hODBiLTk2ZWQyOTUzYmY1NgAuAAAAAAAMaG1u3hklTqrFpRgSGVqHAQCmmK4IMiqwRIVpIdvFeDavAAAC-qkMAAA="},"authentication":"@parameters('$authentication')"}}},"runAfter":{},"else":{"actions":{"Move_email_(V2)_15":{"runAfter":{},"metadata":{"Id::AAMkADQ1MmIwMzQ4LWZkMWMtNDY3MS1hODBiLTk2ZWQyOTUzYmY1NgAuAAAAAAAMaG1u3hklTqrFpRgSGVqHAQCmmK4IMiqwRIVpIdvFeDavAAAC-qjYAAA=":"A - City of Medicine Hat"},"type":"OpenApiConnection","inputs":{"host":{"apiId":"/providers/Microsoft.PowerApps/apis/shared_office365","connectionName":"shared_office365","operationId":"MoveV2"},"parameters":{"messageId":"@triggerOutputs()?['body/id']","folderPath":"Id::AAMkADQ1MmIwMzQ4LWZkMWMtNDY3MS1hODBiLTk2ZWQyOTUzYmY1NgAuAAAAAAAMaG1u3hklTqrFpRgSGVqHAQCmmK4IMiqwRIVpIdvFeDavAAAC-qjYAAA="},"authentication":"@parameters('$authentication')"}}}},"expression":{"equals":["@variables('isReactive')",true]},"type":"If"}},"runAfter":{},"else":{"actions":{"isCx8":{"actions":{"isCx8Reactive":{"actions":{"Move_email_(V2)_2":{"runAfter":{},"metadata":{"Id::AAMkADQ1MmIwMzQ4LWZkMWMtNDY3MS1hODBiLTk2ZWQyOTUzYmY1NgAuAAAAAAAMaG1u3hklTqrFpRgSGVqHAQCmmK4IMiqwRIVpIdvFeDavAAAC-qkIAAA=":"Parkland","Id::AAMkADQ1MmIwMzQ4LWZkMWMtNDY3MS1hODBiLTk2ZWQyOTUzYmY1NgAuAAAAAAAMaG1u3hklTqrFpRgSGVqHAQCmmK4IMiqwRIVpIdvFeDavAAAC-qm8AAA=":"Yukon"},"type":"OpenApiConnection","inputs":{"host":{"apiId":"/providers/Microsoft.PowerApps/apis/shared_office365","connectionName":"shared_office365","operationId":"MoveV2"},"parameters":{"messageId":"@triggerOutputs()?['body/id']","folderPath":"Id::AAMkADQ1MmIwMzQ4LWZkMWMtNDY3MS1hODBiLTk2ZWQyOTUzYmY1NgAuAAAAAAAMaG1u3hklTqrFpRgSGVqHAQCmmK4IMiqwRIVpIdvFeDavAAAC-qm8AAA="},"authentication":"@parameters('$authentication')"}}},"runAfter":{},"else":{"actions":{"Move_email_(V2)_16":{"runAfter":{},"metadata":{"Id::AAMkADQ1MmIwMzQ4LWZkMWMtNDY3MS1hODBiLTk2ZWQyOTUzYmY1NgAuAAAAAAAMaG1u3hklTqrFpRgSGVqHAQCmmK4IMiqwRIVpIdvFeDavAAAC-qjuAAA=":"A - Parkland","Id::AAMkADQ1MmIwMzQ4LWZkMWMtNDY3MS1hODBiLTk2ZWQyOTUzYmY1NgAuAAAAAAAMaG1u3hklTqrFpRgSGVqHAQCmmK4IMiqwRIVpIdvFeDavAAAC-qmrAAA=":"A - Yukon"},"type":"OpenApiConnection","inputs":{"host":{"apiId":"/providers/Microsoft.PowerApps/apis/shared_office365","connectionName":"shared_office365","operationId":"MoveV2"},"parameters":{"messageId":"@triggerOutputs()?['body/id']","folderPath":"Id::AAMkADQ1MmIwMzQ4LWZkMWMtNDY3MS1hODBiLTk2ZWQyOTUzYmY1NgAuAAAAAAAMaG1u3hklTqrFpRgSGVqHAQCmmK4IMiqwRIVpIdvFeDavAAAC-qmrAAA="},"authentication":"@parameters('$authentication')"}}}},"expression":{"equals":["@variables('isReactive')",true]},"type":"If"},"Set_variable_8":{"runAfter":{"isCx8Reactive":["Succeeded"]},"type":"SetVariable","inputs":{"name":"isProcessed","value":true}}},"runAfter":{},"else":{"actions":{"isCx9":{"actions":{"isCx9Reactive":{"actions":{"Move_email_(V2)_17":{"runAfter":{},"metadata":{"Id::AAMkADQ1MmIwMzQ4LWZkMWMtNDY3MS1hODBiLTk2ZWQyOTUzYmY1NgAuAAAAAAAMaG1u3hklTqrFpRgSGVqHAQCmmK4IMiqwRIVpIdvFeDavAAAC-qjVAAA=":"B - Reactive","Id::AAMkADQ1MmIwMzQ4LWZkMWMtNDY3MS1hODBiLTk2ZWQyOTUzYmY1NgAuAAAAAAAMaG1u3hklTqrFpRgSGVqHAQCmmK4IMiqwRIVpIdvFeDavAAAC-qlRAAA=":"Bonavista"},"type":"OpenApiConnection","inputs":{"host":{"apiId":"/providers/Microsoft.PowerApps/apis/shared_office365","connectionName":"shared_office365","operationId":"MoveV2"},"parameters":{"messageId":"@triggerOutputs()?['body/id']","folderPath":"Id::AAMkADQ1MmIwMzQ4LWZkMWMtNDY3MS1hODBiLTk2ZWQyOTUzYmY1NgAuAAAAAAAMaG1u3hklTqrFpRgSGVqHAQCmmK4IMiqwRIVpIdvFeDavAAAC-qlRAAA="},"authentication":"@parameters('$authentication')"}}},"runAfter":{},"else":{"actions":{"Move_email_(V2)_18":{"runAfter":{},"metadata":{"Id::AQMkADQ1MmIwMzQ4LWZkMWMtNDY3MS1hODBiLTk2ZWQyOTUzYmY1NgAuAAADDGhtbt4ZJU6qxaUYEhlahwEAppiuCDIqsESFaSHbxXg2rwAAAgEMAAAA":"Inbox","Id::AAMkADQ1MmIwMzQ4LWZkMWMtNDY3MS1hODBiLTk2ZWQyOTUzYmY1NgAuAAAAAAAMaG1u3hklTqrFpRgSGVqHAQCmmK4IMiqwRIVpIdvFeDavAAAC-qlQAAA=":"A - Bonavista"},"type":"OpenApiConnection","inputs":{"host":{"apiId":"/providers/Microsoft.PowerApps/apis/shared_office365","connectionName":"shared_office365","operationId":"MoveV2"},"parameters":{"messageId":"@triggerOutputs()?['body/id']","folderPath":"Id::AAMkADQ1MmIwMzQ4LWZkMWMtNDY3MS1hODBiLTk2ZWQyOTUzYmY1NgAuAAAAAAAMaG1u3hklTqrFpRgSGVqHAQCmmK4IMiqwRIVpIdvFeDavAAAC-qlQAAA="},"authentication":"@parameters('$authentication')"}}}},"expression":{"equals":["@variables('isReactive')",true]},"type":"If"},"Set_variable_9":{"runAfter":{"isCx9Reactive":["Succeeded"]},"type":"SetVariable","inputs":{"name":"isProcessed","value":true}}},"runAfter":{},"else":{"actions":{"isCx10":{"actions":{"isCx10Reactive":{"actions":{"Move_email_(V2)_19":{"runAfter":{},"metadata":{"Id::AAMkADQ1MmIwMzQ4LWZkMWMtNDY3MS1hODBiLTk2ZWQyOTUzYmY1NgAuAAAAAAAMaG1u3hklTqrFpRgSGVqHAQCmmK4IMiqwRIVpIdvFeDavAAAC-qjVAAA=":"B - Reactive","Id::AAMkADQ1MmIwMzQ4LWZkMWMtNDY3MS1hODBiLTk2ZWQyOTUzYmY1NgAuAAAAAAAMaG1u3hklTqrFpRgSGVqHAQCmmK4IMiqwRIVpIdvFeDavAAAC-qmtAAA=":"Cnooc"},"type":"OpenApiConnection","inputs":{"host":{"apiId":"/providers/Microsoft.PowerApps/apis/shared_office365","connectionName":"shared_office365","operationId":"MoveV2"},"parameters":{"messageId":"@triggerOutputs()?['body/id']","folderPath":"Id::AAMkADQ1MmIwMzQ4LWZkMWMtNDY3MS1hODBiLTk2ZWQyOTUzYmY1NgAuAAAAAAAMaG1u3hklTqrFpRgSGVqHAQCmmK4IMiqwRIVpIdvFeDavAAAC-qmtAAA="},"authentication":"@parameters('$authentication')"}}},"runAfter":{},"else":{"actions":{"Move_email_(V2)_20":{"runAfter":{},"metadata":{"Id::AQMkADQ1MmIwMzQ4LWZkMWMtNDY3MS1hODBiLTk2ZWQyOTUzYmY1NgAuAAADDGhtbt4ZJU6qxaUYEhlahwEAppiuCDIqsESFaSHbxXg2rwAAAgEMAAAA":"Inbox","Id::AAMkADQ1MmIwMzQ4LWZkMWMtNDY3MS1hODBiLTk2ZWQyOTUzYmY1NgAuAAAAAAAMaG1u3hklTqrFpRgSGVqHAQCmmK4IMiqwRIVpIdvFeDavAAAC-qjwAAA=":"A - Cnooc"},"type":"OpenApiConnection","inputs":{"host":{"apiId":"/providers/Microsoft.PowerApps/apis/shared_office365","connectionName":"shared_office365","operationId":"MoveV2"},"parameters":{"messageId":"@triggerOutputs()?['body/id']","folderPath":"Id::AAMkADQ1MmIwMzQ4LWZkMWMtNDY3MS1hODBiLTk2ZWQyOTUzYmY1NgAuAAAAAAAMaG1u3hklTqrFpRgSGVqHAQCmmK4IMiqwRIVpIdvFeDavAAAC-qjwAAA="},"authentication":"@parameters('$authentication')"}}}},"expression":{"equals":["@variables('isReactive')",true]},"type":"If"},"Set_variable_10":{"runAfter":{"isCx10Reactive":["Succeeded"]},"type":"SetVariable","inputs":{"name":"isProcessed","value":true}}},"runAfter":{},"else":{"actions":{"isCx11":{"actions":{"isCx11Reactive":{"actions":{"Move_email_(V2)_21":{"runAfter":{},"metadata":{"Id::AAMkADQ1MmIwMzQ4LWZkMWMtNDY3MS1hODBiLTk2ZWQyOTUzYmY1NgAuAAAAAAAMaG1u3hklTqrFpRgSGVqHAQCmmK4IMiqwRIVpIdvFeDavAAAC-qjVAAA=":"B - Reactive"},"type":"OpenApiConnection","inputs":{"host":{"apiId":"/providers/Microsoft.PowerApps/apis/shared_office365","connectionName":"shared_office365","operationId":"MoveV2"},"parameters":{"messageId":"@triggerOutputs()?['body/id']","folderPath":"Id::AAMkADQ1MmIwMzQ4LWZkMWMtNDY3MS1hODBiLTk2ZWQyOTUzYmY1NgAuAAAAAAAMaG1u3hklTqrFpRgSGVqHAQCmmK4IMiqwRIVpIdvFeDavAAAC-qjVAAA="},"authentication":"@parameters('$authentication')"}}},"runAfter":{},"else":{"actions":{"Move_email_(V2)_22":{"runAfter":{},"metadata":{"Id::AQMkADQ1MmIwMzQ4LWZkMWMtNDY3MS1hODBiLTk2ZWQyOTUzYmY1NgAuAAADDGhtbt4ZJU6qxaUYEhlahwEAppiuCDIqsESFaSHbxXg2rwAAAgEMAAAA":"Inbox"},"type":"OpenApiConnection","inputs":{"host":{"apiId":"/providers/Microsoft.PowerApps/apis/shared_office365","connectionName":"shared_office365","operationId":"MoveV2"},"parameters":{"messageId":"@triggerOutputs()?['body/id']","folderPath":"Id::AQMkADQ1MmIwMzQ4LWZkMWMtNDY3MS1hODBiLTk2ZWQyOTUzYmY1NgAuAAADDGhtbt4ZJU6qxaUYEhlahwEAppiuCDIqsESFaSHbxXg2rwAAAgEMAAAA"},"authentication":"@parameters('$authentication')"}}}},"expression":{"equals":["@variables('isReactive')",true]},"type":"If"},"Set_variable_11":{"runAfter":{"isCx11Reactive":["Succeeded"]},"type":"SetVariable","inputs":{"name":"isProcessed","value":true}}},"runAfter":{},"expression":{"or":[{"contains":["@triggerOutputs()?['body/toRecipients']","cx11.com"]},{"contains":["@triggerOutputs()?['body/subject']","cx11"]},{"contains":["@triggerOutputs()?['body/from']","cx11.com"]}]},"type":"If"}}},"expression":{"or":[{"contains":["@triggerOutputs()?['body/toRecipients']","cx10.com"]},{"contains":["@triggerOutputs()?['body/subject']","Cx10"]},{"contains":["@triggerOutputs()?['body/from']","cx10.com"]}]},"type":"If"}}},"expression":{"or":[{"contains":["@triggerOutputs()?['body/toRecipients']","cx9.com"]},{"contains":["@triggerOutputs()?['body/subject']","Cx9"]},{"contains":["@triggerOutputs()?['body/from']","cx9.com"]}]},"type":"If"}}},"expression":{"or":[{"contains":["@triggerOutputs()?['body/toRecipients']","cx8.com"]},{"contains":["@triggerOutputs()?['body/subject']","Cx8"]},{"contains":["@triggerOutputs()?['body/from']","cx8.com"]}]},"type":"If"}}},"expression":{"or":[{"equals":["@triggerOutputs()?['body/toRecipients']","cx7.com"]},{"contains":["@triggerOutputs()?['body/subject']","Cx7"]},{"contains":["@triggerOutputs()?['body/from']","cx7.com"]}]},"type":"If"}},"runAfter":{"Start_of_Cx_Sorting_Tree_companies_1-6_[Config_Req'd]":["Succeeded"]},"expression":{"equals":["@variables('isProcessed')",false]},"type":"If"},"getReactiveCaseNumber":{"foreach":"@outputs('Trigger_if_8,_15_digit_numbers,_''CritSit''_or_''ticket''_is_in_email_subject')?['body/value']","actions":{"Apply_to_each_2":{"foreach":"@outputs('getCaseNumber')?['body/value']","actions":{"set_caseNumber":{"runAfter":{},"type":"SetVariable","inputs":{"name":"caseNumber","value":"@items('Apply_to_each_2')?['match']"}}},"runAfter":{"getCaseNumber":["Succeeded"]},"type":"Foreach"},"Check_Case_Number_Length":{"actions":{"Set_variable_12":{"runAfter":{},"type":"SetVariable","inputs":{"name":"caseLink","value":"https://servicedesk.microsoft.com/#/customer/cases?caseNumber=@{variables('caseNumber')}"}}},"runAfter":{"Apply_to_each_2":["Succeeded"]},"else":{"actions":{"Set_variable_13":{"runAfter":{},"type":"SetVariable","inputs":{"name":"caseLink","value":"https://rave.office.net/cases/@{variables('caseNumber')}"}}}},"expression":{"greater":["@length(variables('caseNumber'))",8]},"type":"If"},"getCaseNumber":{"runAfter":{},"type":"OpenApiConnection","inputs":{"host":{"apiId":"/providers/Microsoft.PowerApps/apis/shared_regex.5f4c1e90cbd0f5e3a0.5fc2c1b9a9faf3eeeb","connectionName":"shared_regex.5f4c1e90cbd0f5e3a0.5fc2c1b9a9faf3eeeb","operationId":"GetMatches"},"parameters":{"base64regex":"\\d{15}|\\d{8}","body/contentToParse":"@items('getReactiveCaseNumber')?['match']"},"authentication":"@parameters('$authentication')"}}},"runAfter":{"Get_first_5_Lines_of_Email_Body":["Succeeded"]},"type":"Foreach"},"var_caseNumber":{"runAfter":{"var_isBackupAccount":["Succeeded"]},"type":"InitializeVariable","inputs":{"variables":[{"name":"caseNumber","type":"string"}]}},"var_caseLink":{"runAfter":{"var_caseNumber":["Succeeded"]},"type":"InitializeVariable","inputs":{"variables":[{"name":"caseLink","type":"string"}]}},"Get_my_profile_(V2)":{"runAfter":{},"type":"OpenApiConnection","inputs":{"host":{"apiId":"/providers/Microsoft.PowerApps/apis/shared_office365users","connectionName":"shared_office365users","operationId":"MyProfile_V2"},"parameters":{},"authentication":"@parameters('$authentication')"}},"Get_first_5_Lines_of_Email_Body":{"runAfter":{"Trigger_if_8,_15_digit_numbers,_'CritSit'_or_'ticket'_is_in_email_subject":["Succeeded"]},"type":"OpenApiConnection","inputs":{"host":{"apiId":"/providers/Microsoft.PowerApps/apis/shared_regex.5f4c1e90cbd0f5e3a0.5fc2c1b9a9faf3eeeb","connectionName":"shared_regex.5f4c1e90cbd0f5e3a0.5fc2c1b9a9faf3eeeb","operationId":"GetMatches"},"parameters":{"base64regex":"<body.*>(.*[\\r\\n]){6}","body/contentToParse":"@triggerOutputs()?['body/body']"},"authentication":"@parameters('$authentication')"}},"isBackupAccount2_[User_Config]":{"actions":{"Set_variable_14":{"runAfter":{},"type":"SetVariable","inputs":{"name":"isBackupAccount","value":true}}},"runAfter":{"isBackupAccount_[User_Config]":["Succeeded"]},"expression":{"and":[{"contains":["@triggerOutputs()?['body/toRecipients']","cx6@email.com"]},{"contains":["@triggerOutputs()?['body/from']","cx6@email.com"]}]},"type":"If"},"isBackupAccount_[User_Config]":{"actions":{"var_isBackupAccount=true":{"runAfter":{},"type":"SetVariable","inputs":{"name":"isBackupAccount","value":true}}},"runAfter":{"getReactiveCaseNumber":["Succeeded"]},"expression":{"or":[{"contains":["@triggerOutputs()?['body/toRecipients']","cx1@email.com"]},{"contains":["@triggerOutputs()?['body/from']","cx1@email.com"]},{"contains":["@triggerOutputs()?['body/toRecipients']","cx2@email.com"]},{"contains":["@triggerOutputs()?['body/from']","cx2@email.com"]},{"contains":["@triggerOutputs()?['body/toRecipients']","cx3@email.com"]},{"contains":["@triggerOutputs()?['body/from']","cx3@email.com"]},{"contains":["@triggerOutputs()?['body/toRecipients']","cx4@email.com"]},{"contains":["@triggerOutputs()?['body/from']","cx4@email.com"]},{"contains":["@triggerOutputs()?['body/toRecipients']","cx5@email.com"]},{"contains":["@triggerOutputs()?['body/from']","cx5@email.com"]}]},"type":"If"}},"outputs":{},"description":"Flow to automate email process and integrate teams."},"connectionReferences":{"shared_regex.5f4c1e90cbd0f5e3a0.5fc2c1b9a9faf3eeeb":{"connectionName":"shared-regex.5f4c1e9-d96b60a8-5f57-4440-8cf8-d040f77f41bf","source":"Embedded","id":"/providers/Microsoft.PowerApps/apis/shared_regex.5f4c1e90cbd0f5e3a0.5fc2c1b9a9faf3eeeb","tier":"NotSpecified"},"shared_flowpush":{"connectionName":"8f8d1276-89b6-4902-9d39-48bb-8c178b7f","source":"Embedded","id":"/providers/Microsoft.PowerApps/apis/shared_flowpush","tier":"NotSpecified"},"shared_teams":{"connectionName":"c081f7eff0fd487b89feebd256cc2be1","source":"Embedded","id":"/providers/Microsoft.PowerApps/apis/shared_teams","tier":"NotSpecified"},"shared_todo":{"connectionName":"shared-todo-acf014ec-07a0-4ab6-9a70-f9e894f4f029","source":"Embedded","id":"/providers/Microsoft.PowerApps/apis/shared_todo","tier":"NotSpecified"},"shared_planner_1":{"connectionName":"shared-planner-adbd71e4-8101-430e-9cb0-6630fb3243fd","source":"Embedded","id":"/providers/Microsoft.PowerApps/apis/shared_planner","tier":"NotSpecified"},"shared_office365":{"connectionName":"0e2058b4-fa17-4a6b-86a0-cfdc-0c3d3631","source":"Embedded","id":"/providers/Microsoft.PowerApps/apis/shared_office365","tier":"NotSpecified"},"shared_office365users":{"connectionName":"a67b833e-f5b0-4874-95cf-1581-8a0bca30","source":"Embedded","id":"/providers/Microsoft.PowerApps/apis/shared_office365users","tier":"NotSpecified"}},"flowFailureAlertSubscribed":false}}