{"name":"15aa917c-e79c-4b87-bdb8-a122a7534924","id":"/providers/Microsoft.Flow/flows/15aa917c-e79c-4b87-bdb8-a122a7534924","type":"Microsoft.Flow/flows","properties":{"apiId":"/providers/Microsoft.PowerApps/apis/shared_logicflows","displayName":"Process Customer Emails_v2.0.1","definition":{"metadata":{"workflowEntityId":null,"flowclientsuspensionreason":"None","flowclientsuspensiontime":null,"creator":{"id":"f40e910b-c333-4543-ae08-8d4d75e23ab5","type":"User","tenantId":"72f988bf-86f1-41af-91ab-2d7cd011db47"},"provisioningMethod":"FromDefinition","failureAlertSubscription":true,"clientLastModifiedTime":"2020-08-26T19:40:22.0514587Z"},"$schema":"https://schema.management.azure.com/providers/Microsoft.Logic/schemas/2016-06-01/workflowdefinition.json#","contentVersion":"1.0.0.0","parameters":{"$connections":{"defaultValue":{},"type":"Object"},"$authentication":{"defaultValue":{},"type":"SecureObject"}},"triggers":{"On_new_email":{"recurrence":{"frequency":"Minute","interval":1},"splitOn":"@triggerOutputs()?['body/value']","type":"OpenApiConnection","inputs":{"host":{"apiId":"/providers/Microsoft.PowerApps/apis/shared_office365","connectionName":"shared_office365","operationId":"OnNewEmailV2"},"parameters":{"folderPath":"Inbox","importance":"Normal"},"authentication":"@parameters('$authentication')"}}},"actions":{"var_isProcessed":{"runAfter":{"var_notifyOnCritsit_[Set_to_false_if_no_teams_notifications_wanted]":["Succeeded"]},"type":"InitializeVariable","inputs":{"variables":[{"name":"isProcessed","type":"Boolean","value":false}]}},"isCritSit":{"actions":{"isCritSit=true":{"runAfter":{},"type":"SetVariable","inputs":{"name":"isCritSit","value":true}},"ifNotifyOnCritsit_=_true":{"actions":{"Post_your_own_adaptive_card_as_the_Flow_bot_to_a_user":{"runAfter":{},"type":"OpenApiConnection","inputs":{"host":{"apiId":"/providers/Microsoft.PowerApps/apis/shared_teams","connectionName":"shared_teams","operationId":"PostUserAdaptiveCard"},"parameters":{"PostAdaptiveCardRequest/recipient/to":"@outputs('Get_my_profile_(V2)')?['body/mail']","PostAdaptiveCardRequest/messageBody":"{\n    \"type\": \"AdaptiveCard\",\n    \"$schema\": \"http://adaptivecards.io/schemas/adaptive-card.json\",\n    \"version\": \"1.2\",\n    \"body\": [\n        {\n            \"type\": \"TextBlock\",\n            \"text\": \"New Critical Situation\",\n            \"height\": \"stretch\",\n            \"size\": \"Large\",\n            \"weight\": \"Bolder\",\n            \"color\": \"Attention\"\n        },\n        {\n            \"type\": \"TextBlock\",\n            \"id\": \"submit\",\n            \"wrap\": true,\n            \"text\": \"@{triggerOutputs()?['body/subject']}\"\n        },\n        {\n            \"type\": \"TextBlock\",\n            \"wrap\": true,\n            \"maxLines\": 6,\n            \"size\": \"Large\"\n        }\n    ],\n    \"actions\": [\n        {\n            \"type\": \"Action.OpenUrl\",\n            \"title\": \"Hot Spots\",\n            \"url\": \"https://microsoft.sharepoint.com/teams/hotspots\",\n            \"id\": \"OpenHotSpots\"\n        },\n        {\n            \"type\": \"Action.OpenUrl\",\n            \"title\": \"CSI\",\n            \"id\": \"OpenCSI\",\n            \"url\": \"https://csscsi.azurewebsites.net/Inquiry\"\n        },\n        {\n            \"type\": \"Action.OpenUrl\",\n            \"title\": \"Rave\",\n            \"id\": \"OpenRave\",\n            \"url\": \"https://rave.office.net/\"\n        },\n        {\n            \"type\": \"Action.OpenUrl\",\n            \"title\": \"Service Desk\",\n            \"url\": \"https://servicedesk.microsoft.com/#/home\",\n            \"id\": \"OpenServiceDesk\"\n        }\n    ]\n}","PostAdaptiveCardRequest/recipient/isAlert":true},"authentication":"@parameters('$authentication')"}}},"runAfter":{"isCritSit=true":["Succeeded"]},"expression":{"equals":["@variables('notifyOnCritsit')",true]},"type":"If"}},"runAfter":{"isBackupAccount2_7-12_[User_Config]":["Succeeded"]},"expression":{"or":[{"contains":["@triggerOutputs()?['body/subject']","Critical Situation"]},{"contains":["@triggerOutputs()?['body/subject']","CritSit"]},{"contains":["@triggerOutputs()?['body/subject']","Sev A"]},{"contains":["@triggerOutputs()?['body/from']","crit-365@microsoft.com"]},{"contains":["@triggerOutputs()?['body/toRecipients']","crit-365@microsoft.com"]},{"contains":["@triggerOutputs()?['body/from']","critsit@microsoft.com"]}]},"type":"If"},"var_isCritSit":{"runAfter":{"var_isProcessed":["Succeeded"]},"type":"InitializeVariable","inputs":{"variables":[{"name":"isCritSit","type":"Boolean","value":false}]}},"var_isReactive":{"runAfter":{"var_isCritSit":["Succeeded"]},"type":"InitializeVariable","inputs":{"variables":[{"name":"isReactive","type":"Boolean","value":false}]}},"Start_of_Cx_Sorting_Tree_companies_1-6_[Config_Req'd]":{"actions":{"Set_variable":{"runAfter":{"isCx1Reactive":["Succeeded"]},"type":"SetVariable","inputs":{"name":"isProcessed","value":true}},"isCx1Reactive":{"actions":{"Move_email_(V2)_6":{"runAfter":{},"metadata":{"Id::AAMkADQ1MmIwMzQ4LWZkMWMtNDY3MS1hODBiLTk2ZWQyOTUzYmY1NgAuAAAAAAAMaG1u3hklTqrFpRgSGVqHAQCmmK4IMiqwRIVpIdvFeDavAAAC-qj5AAA=":"Nova","Id::AAMkADQ1MmIwMzQ4LWZkMWMtNDY3MS1hODBiLTk2ZWQyOTUzYmY1NgAuAAAAAAAMaG1u3hklTqrFpRgSGVqHAQCmmK4IMiqwRIVpIdvFeDavAAAC-qmsAAA=":"Aura"},"type":"OpenApiConnection","inputs":{"host":{"apiId":"/providers/Microsoft.PowerApps/apis/shared_office365","connectionName":"shared_office365","operationId":"MoveV2"},"parameters":{"messageId":"@triggerOutputs()?['body/id']","folderPath":"Id::AAMkADQ1MmIwMzQ4LWZkMWMtNDY3MS1hODBiLTk2ZWQyOTUzYmY1NgAuAAAAAAAMaG1u3hklTqrFpRgSGVqHAQCmmK4IMiqwRIVpIdvFeDavAAAC-qmsAAA="},"authentication":"@parameters('$authentication')"}}},"runAfter":{},"else":{"actions":{"Move_email_(V2)_3":{"runAfter":{},"metadata":{"Id::AAMkADQ1MmIwMzQ4LWZkMWMtNDY3MS1hODBiLTk2ZWQyOTUzYmY1NgAuAAAAAAAMaG1u3hklTqrFpRgSGVqHAQCmmK4IMiqwRIVpIdvFeDavAAAC-qiSAAA=":"A - Nova","Id::AAMkADQ1MmIwMzQ4LWZkMWMtNDY3MS1hODBiLTk2ZWQyOTUzYmY1NgAuAAAAAAAMaG1u3hklTqrFpRgSGVqHAQCmmK4IMiqwRIVpIdvFeDavAAAC-qmTAAA=":"A - Aura Advanced Technologies"},"type":"OpenApiConnection","inputs":{"host":{"apiId":"/providers/Microsoft.PowerApps/apis/shared_office365","connectionName":"shared_office365","operationId":"MoveV2"},"parameters":{"messageId":"@triggerOutputs()?['body/id']","folderPath":"Id::AAMkADQ1MmIwMzQ4LWZkMWMtNDY3MS1hODBiLTk2ZWQyOTUzYmY1NgAuAAAAAAAMaG1u3hklTqrFpRgSGVqHAQCmmK4IMiqwRIVpIdvFeDavAAAC-qmTAAA="},"authentication":"@parameters('$authentication')"}}}},"expression":{"equals":["@variables('isReactive')",true]},"type":"If"}},"runAfter":{"isReactive":["Succeeded"]},"else":{"actions":{"isCx2":{"actions":{"Set_variable_2":{"runAfter":{"isCx2Reactive":["Succeeded"]},"type":"SetVariable","inputs":{"name":"isProcessed","value":true}},"isCx2Reactive":{"actions":{"Move_email_(V2)_7":{"runAfter":{},"metadata":{"Id::AAMkADQ1MmIwMzQ4LWZkMWMtNDY3MS1hODBiLTk2ZWQyOTUzYmY1NgAuAAAAAAAMaG1u3hklTqrFpRgSGVqHAQCmmK4IMiqwRIVpIdvFeDavAAAC-qj4AAA=":"Ensign"},"type":"OpenApiConnection","inputs":{"host":{"apiId":"/providers/Microsoft.PowerApps/apis/shared_office365","connectionName":"shared_office365","operationId":"MoveV2"},"parameters":{"messageId":"@triggerOutputs()?['body/id']","folderPath":"Id::AAMkADQ1MmIwMzQ4LWZkMWMtNDY3MS1hODBiLTk2ZWQyOTUzYmY1NgAuAAAAAAAMaG1u3hklTqrFpRgSGVqHAQCmmK4IMiqwRIVpIdvFeDavAAAC-qj4AAA="},"authentication":"@parameters('$authentication')"}}},"runAfter":{},"else":{"actions":{"Move_email_(V2)_4":{"runAfter":{},"metadata":{"Id::AAMkADQ1MmIwMzQ4LWZkMWMtNDY3MS1hODBiLTk2ZWQyOTUzYmY1NgAuAAAAAAAMaG1u3hklTqrFpRgSGVqHAQCmmK4IMiqwRIVpIdvFeDavAAAC-qiTAAA=":"A - Ensign"},"type":"OpenApiConnection","inputs":{"host":{"apiId":"/providers/Microsoft.PowerApps/apis/shared_office365","connectionName":"shared_office365","operationId":"MoveV2"},"parameters":{"messageId":"@triggerOutputs()?['body/id']","folderPath":"Id::AAMkADQ1MmIwMzQ4LWZkMWMtNDY3MS1hODBiLTk2ZWQyOTUzYmY1NgAuAAAAAAAMaG1u3hklTqrFpRgSGVqHAQCmmK4IMiqwRIVpIdvFeDavAAAC-qiTAAA="},"authentication":"@parameters('$authentication')"}}}},"expression":{"equals":["@variables('isReactive')",true]},"type":"If"}},"runAfter":{},"else":{"actions":{"isCx3":{"actions":{"Set_variable_3":{"runAfter":{"isCx3Reactive":["Succeeded"]},"type":"SetVariable","inputs":{"name":"isProcessed","value":true}},"isCx3Reactive":{"actions":{"Move_email_(V2)_8":{"runAfter":{},"metadata":{"Id::AAMkADQ1MmIwMzQ4LWZkMWMtNDY3MS1hODBiLTk2ZWQyOTUzYmY1NgAuAAAAAAAMaG1u3hklTqrFpRgSGVqHAQCmmK4IMiqwRIVpIdvFeDavAAAC-qj3AAA=":"UFA"},"type":"OpenApiConnection","inputs":{"host":{"apiId":"/providers/Microsoft.PowerApps/apis/shared_office365","connectionName":"shared_office365","operationId":"MoveV2"},"parameters":{"messageId":"@triggerOutputs()?['body/id']","folderPath":"Id::AAMkADQ1MmIwMzQ4LWZkMWMtNDY3MS1hODBiLTk2ZWQyOTUzYmY1NgAuAAAAAAAMaG1u3hklTqrFpRgSGVqHAQCmmK4IMiqwRIVpIdvFeDavAAAC-qj3AAA="},"authentication":"@parameters('$authentication')"}}},"runAfter":{},"else":{"actions":{"Move_email_(V2)_5":{"runAfter":{},"metadata":{"Id::AAMkADQ1MmIwMzQ4LWZkMWMtNDY3MS1hODBiLTk2ZWQyOTUzYmY1NgAuAAAAAAAMaG1u3hklTqrFpRgSGVqHAQCmmK4IMiqwRIVpIdvFeDavAAAC-qjtAAA=":"A - UFA"},"type":"OpenApiConnection","inputs":{"host":{"apiId":"/providers/Microsoft.PowerApps/apis/shared_office365","connectionName":"shared_office365","operationId":"MoveV2"},"parameters":{"messageId":"@triggerOutputs()?['body/id']","folderPath":"Id::AAMkADQ1MmIwMzQ4LWZkMWMtNDY3MS1hODBiLTk2ZWQyOTUzYmY1NgAuAAAAAAAMaG1u3hklTqrFpRgSGVqHAQCmmK4IMiqwRIVpIdvFeDavAAAC-qjtAAA="},"authentication":"@parameters('$authentication')"}}}},"expression":{"equals":["@variables('isReactive')",true]},"type":"If"}},"runAfter":{},"else":{"actions":{"isCx4":{"actions":{"Set_variable_4":{"runAfter":{"isCx4Reactive":["Succeeded"]},"type":"SetVariable","inputs":{"name":"isProcessed","value":true}},"isCx4Reactive":{"actions":{"Move_email_(V2)_9":{"runAfter":{},"metadata":{"Id::AAMkADQ1MmIwMzQ4LWZkMWMtNDY3MS1hODBiLTk2ZWQyOTUzYmY1NgAuAAAAAAAMaG1u3hklTqrFpRgSGVqHAQCmmK4IMiqwRIVpIdvFeDavAAAC-qj_AAA=":"Enerplus"},"type":"OpenApiConnection","inputs":{"host":{"apiId":"/providers/Microsoft.PowerApps/apis/shared_office365","connectionName":"shared_office365","operationId":"MoveV2"},"parameters":{"messageId":"@triggerOutputs()?['body/id']","folderPath":"Id::AAMkADQ1MmIwMzQ4LWZkMWMtNDY3MS1hODBiLTk2ZWQyOTUzYmY1NgAuAAAAAAAMaG1u3hklTqrFpRgSGVqHAQCmmK4IMiqwRIVpIdvFeDavAAAC-qj_AAA="},"authentication":"@parameters('$authentication')"}}},"runAfter":{},"else":{"actions":{"Move_email_(V2)_12":{"runAfter":{},"metadata":{"Id::AAMkADQ1MmIwMzQ4LWZkMWMtNDY3MS1hODBiLTk2ZWQyOTUzYmY1NgAuAAAAAAAMaG1u3hklTqrFpRgSGVqHAQCmmK4IMiqwRIVpIdvFeDavAAAC-qj8AAA=":"A - Enerplus"},"type":"OpenApiConnection","inputs":{"host":{"apiId":"/providers/Microsoft.PowerApps/apis/shared_office365","connectionName":"shared_office365","operationId":"MoveV2"},"parameters":{"messageId":"@triggerOutputs()?['body/id']","folderPath":"Id::AAMkADQ1MmIwMzQ4LWZkMWMtNDY3MS1hODBiLTk2ZWQyOTUzYmY1NgAuAAAAAAAMaG1u3hklTqrFpRgSGVqHAQCmmK4IMiqwRIVpIdvFeDavAAAC-qj8AAA="},"authentication":"@parameters('$authentication')"}}}},"expression":{"equals":["@variables('isReactive')",true]},"type":"If"}},"runAfter":{},"else":{"actions":{"isCx5":{"actions":{"Set_variable_5":{"runAfter":{"isCx5Reactive":["Succeeded"]},"type":"SetVariable","inputs":{"name":"isProcessed","value":true}},"isCx5Reactive":{"actions":{"Move_email_(V2)_10":{"runAfter":{},"metadata":{"Id::AAMkADQ1MmIwMzQ4LWZkMWMtNDY3MS1hODBiLTk2ZWQyOTUzYmY1NgAuAAAAAAAMaG1u3hklTqrFpRgSGVqHAQCmmK4IMiqwRIVpIdvFeDavAAAC-qj6AAA=":"Calfrac"},"type":"OpenApiConnection","inputs":{"host":{"apiId":"/providers/Microsoft.PowerApps/apis/shared_office365","connectionName":"shared_office365","operationId":"MoveV2"},"parameters":{"messageId":"@triggerOutputs()?['body/id']","folderPath":"Id::AAMkADQ1MmIwMzQ4LWZkMWMtNDY3MS1hODBiLTk2ZWQyOTUzYmY1NgAuAAAAAAAMaG1u3hklTqrFpRgSGVqHAQCmmK4IMiqwRIVpIdvFeDavAAAC-qj6AAA="},"authentication":"@parameters('$authentication')"}}},"runAfter":{},"else":{"actions":{"Move_email_(V2)_13":{"runAfter":{},"metadata":{"Id::AAMkADQ1MmIwMzQ4LWZkMWMtNDY3MS1hODBiLTk2ZWQyOTUzYmY1NgAuAAAAAAAMaG1u3hklTqrFpRgSGVqHAQCmmK4IMiqwRIVpIdvFeDavAAAC-qiNAAA=":"A - Calfrac"},"type":"OpenApiConnection","inputs":{"host":{"apiId":"/providers/Microsoft.PowerApps/apis/shared_office365","connectionName":"shared_office365","operationId":"MoveV2"},"parameters":{"messageId":"@triggerOutputs()?['body/id']","folderPath":"Id::AAMkADQ1MmIwMzQ4LWZkMWMtNDY3MS1hODBiLTk2ZWQyOTUzYmY1NgAuAAAAAAAMaG1u3hklTqrFpRgSGVqHAQCmmK4IMiqwRIVpIdvFeDavAAAC-qiNAAA="},"authentication":"@parameters('$authentication')"}}}},"expression":{"equals":["@variables('isReactive')",true]},"type":"If"}},"runAfter":{},"else":{"actions":{"isCx6":{"actions":{"Set_variable_6":{"runAfter":{"isCx6Reactive":["Succeeded"]},"type":"SetVariable","inputs":{"name":"isProcessed","value":true}},"isCx6Reactive":{"actions":{"Move_email_(V2)_11":{"runAfter":{},"metadata":{"Id::AQMkADQ1MmIwMzQ4LWZkMWMtNDY3MS1hODBiLTk2ZWQyOTUzYmY1NgAuAAADDGhtbt4ZJU6qxaUYEhlahwEAppiuCDIqsESFaSHbxXg2rwAAAAL_qQAAAQ==":"Long View"},"type":"OpenApiConnection","inputs":{"host":{"apiId":"/providers/Microsoft.PowerApps/apis/shared_office365","connectionName":"shared_office365","operationId":"MoveV2"},"parameters":{"messageId":"@triggerOutputs()?['body/id']","folderPath":"Id::AQMkADQ1MmIwMzQ4LWZkMWMtNDY3MS1hODBiLTk2ZWQyOTUzYmY1NgAuAAADDGhtbt4ZJU6qxaUYEhlahwEAppiuCDIqsESFaSHbxXg2rwAAAAL_qQAAAQ=="},"authentication":"@parameters('$authentication')"}}},"runAfter":{},"else":{"actions":{"Move_email_(V2)_14":{"runAfter":{},"metadata":{"Id::AAMkADQ1MmIwMzQ4LWZkMWMtNDY3MS1hODBiLTk2ZWQyOTUzYmY1NgAuAAAAAAAMaG1u3hklTqrFpRgSGVqHAQCmmK4IMiqwRIVpIdvFeDavAAAC-qjvAAA=":"A - Long View"},"type":"OpenApiConnection","inputs":{"host":{"apiId":"/providers/Microsoft.PowerApps/apis/shared_office365","connectionName":"shared_office365","operationId":"MoveV2"},"parameters":{"messageId":"@triggerOutputs()?['body/id']","folderPath":"Id::AAMkADQ1MmIwMzQ4LWZkMWMtNDY3MS1hODBiLTk2ZWQyOTUzYmY1NgAuAAAAAAAMaG1u3hklTqrFpRgSGVqHAQCmmK4IMiqwRIVpIdvFeDavAAAC-qjvAAA="},"authentication":"@parameters('$authentication')"}}}},"expression":{"equals":["@variables('isReactive')",true]},"type":"If"}},"runAfter":{},"expression":{"or":[{"contains":["@triggerOutputs()?['body/toRecipients']","cx6.com"]},{"contains":["@triggerOutputs()?['body/subject']","Customer Name"]},{"contains":["@triggerOutputs()?['body/from']","cx6.com"]}]},"type":"If"}}},"expression":{"or":[{"contains":["@triggerOutputs()?['body/toRecipients']","cx5.com"]},{"contains":["@triggerOutputs()?['body/subject']","Customer Name"]},{"contains":["@triggerOutputs()?['body/from']","cx5.com"]}]},"type":"If"}}},"expression":{"or":[{"contains":["@triggerOutputs()?['body/toRecipients']","cx4.com"]},{"contains":["@triggerOutputs()?['body/subject']","Customer Name"]},{"contains":["@triggerOutputs()?['body/from']","cx4.com"]}]},"type":"If"}}},"expression":{"or":[{"contains":["@triggerOutputs()?['body/toRecipients']","cx3.com"]},{"contains":["@triggerOutputs()?['body/subject']","Customer Name"]},{"contains":["@triggerOutputs()?['body/from']","cx3.com"]}]},"type":"If"}}},"expression":{"or":[{"contains":["@triggerOutputs()?['body/toRecipients']","cx2.com"]},{"contains":["@triggerOutputs()?['body/subject']","Customer Name"]},{"contains":["@triggerOutputs()?['body/from']","cx2.com"]}]},"type":"If"}}},"expression":{"or":[{"contains":["@triggerOutputs()?['body/toRecipients']","cx1.com"]},{"contains":["@triggerOutputs()?['body/from']","cx1.com"]},{"contains":["@triggerOutputs()?['body/subject']","Customer Name"]}]},"type":"If"},"Default_Action_-_Move_to_Generic_Reactive_Folder_[Config_Req'd]":{"actions":{"Sort_To_Backup_Account":{"actions":{"Move_email_(V2)_-_Move_to_Backup_Account":{"runAfter":{},"metadata":{"Id::AAMkADQ1MmIwMzQ4LWZkMWMtNDY3MS1hODBiLTk2ZWQyOTUzYmY1NgAuAAAAAAAMaG1u3hklTqrFpRgSGVqHAQCmmK4IMiqwRIVpIdvFeDavAAAC-qlyAAA=":"Backup Accounts"},"type":"OpenApiConnection","inputs":{"host":{"apiId":"/providers/Microsoft.PowerApps/apis/shared_office365","connectionName":"shared_office365","operationId":"MoveV2"},"parameters":{"messageId":"@triggerOutputs()?['body/id']","folderPath":"Id::AAMkADQ1MmIwMzQ4LWZkMWMtNDY3MS1hODBiLTk2ZWQyOTUzYmY1NgAuAAAAAAAMaG1u3hklTqrFpRgSGVqHAQCmmK4IMiqwRIVpIdvFeDavAAAC-qlyAAA="},"authentication":"@parameters('$authentication')"}}},"runAfter":{},"else":{"actions":{"Move_email_(V2)_-_Default_Move_to_reactive_folder":{"runAfter":{},"metadata":{"Id::AAMkADQ1MmIwMzQ4LWZkMWMtNDY3MS1hODBiLTk2ZWQyOTUzYmY1NgAuAAAAAAAMaG1u3hklTqrFpRgSGVqHAQCmmK4IMiqwRIVpIdvFeDavAAAC-qjVAAA=":"B - Reactive"},"type":"OpenApiConnection","inputs":{"host":{"apiId":"/providers/Microsoft.PowerApps/apis/shared_office365","connectionName":"shared_office365","operationId":"MoveV2"},"parameters":{"messageId":"@triggerOutputs()?['body/id']","folderPath":"Id::AAMkADQ1MmIwMzQ4LWZkMWMtNDY3MS1hODBiLTk2ZWQyOTUzYmY1NgAuAAAAAAAMaG1u3hklTqrFpRgSGVqHAQCmmK4IMiqwRIVpIdvFeDavAAAC-qjVAAA="},"authentication":"@parameters('$authentication')"},"description":"Add this to the end of your decision tree to move it to the default folder"}}},"expression":{"equals":["@variables('isBackupAccount')",true]},"type":"If"}},"runAfter":{"Sorting_Tree_Continued_companies_7-12_[Config_Req'd]":["Succeeded"]},"expression":{"and":[{"equals":["@variables('isProcessed')",false]},{"equals":["@variables('isReactive')",true]}]},"type":"If"},"var_isBackupAccount":{"runAfter":{"var_isReactive":["Succeeded"]},"type":"InitializeVariable","inputs":{"variables":[{"name":"isBackupAccount","type":"boolean","value":false}]}},"Sorting_Tree_Continued_companies_7-12_[Config_Req'd]":{"actions":{"isCx7":{"actions":{"Set_variable_7":{"runAfter":{"isCx7Reactive":["Succeeded"]},"type":"SetVariable","inputs":{"name":"isProcessed","value":true}},"isCx7Reactive":{"actions":{"Move_email_(V2)":{"runAfter":{},"metadata":{"Id::AAMkADQ1MmIwMzQ4LWZkMWMtNDY3MS1hODBiLTk2ZWQyOTUzYmY1NgAuAAAAAAAMaG1u3hklTqrFpRgSGVqHAQCmmK4IMiqwRIVpIdvFeDavAAAC-qkMAAA=":"City of Medicine Hat"},"type":"OpenApiConnection","inputs":{"host":{"apiId":"/providers/Microsoft.PowerApps/apis/shared_office365","connectionName":"shared_office365","operationId":"MoveV2"},"parameters":{"messageId":"@triggerOutputs()?['body/id']","folderPath":"Id::AAMkADQ1MmIwMzQ4LWZkMWMtNDY3MS1hODBiLTk2ZWQyOTUzYmY1NgAuAAAAAAAMaG1u3hklTqrFpRgSGVqHAQCmmK4IMiqwRIVpIdvFeDavAAAC-qkMAAA="},"authentication":"@parameters('$authentication')"}}},"runAfter":{},"else":{"actions":{"Move_email_(V2)_15":{"runAfter":{},"metadata":{"Id::AAMkADQ1MmIwMzQ4LWZkMWMtNDY3MS1hODBiLTk2ZWQyOTUzYmY1NgAuAAAAAAAMaG1u3hklTqrFpRgSGVqHAQCmmK4IMiqwRIVpIdvFeDavAAAC-qjYAAA=":"A - City of Medicine Hat"},"type":"OpenApiConnection","inputs":{"host":{"apiId":"/providers/Microsoft.PowerApps/apis/shared_office365","connectionName":"shared_office365","operationId":"MoveV2"},"parameters":{"messageId":"@triggerOutputs()?['body/id']","folderPath":"Id::AAMkADQ1MmIwMzQ4LWZkMWMtNDY3MS1hODBiLTk2ZWQyOTUzYmY1NgAuAAAAAAAMaG1u3hklTqrFpRgSGVqHAQCmmK4IMiqwRIVpIdvFeDavAAAC-qjYAAA="},"authentication":"@parameters('$authentication')"}}}},"expression":{"equals":["@variables('isReactive')",true]},"type":"If"}},"runAfter":{},"else":{"actions":{"isCx8":{"actions":{"isCx8Reactive":{"actions":{"Move_email_(V2)_2":{"runAfter":{},"metadata":{"Id::AAMkADQ1MmIwMzQ4LWZkMWMtNDY3MS1hODBiLTk2ZWQyOTUzYmY1NgAuAAAAAAAMaG1u3hklTqrFpRgSGVqHAQCmmK4IMiqwRIVpIdvFeDavAAAC-qkIAAA=":"Parkland","Id::AAMkADQ1MmIwMzQ4LWZkMWMtNDY3MS1hODBiLTk2ZWQyOTUzYmY1NgAuAAAAAAAMaG1u3hklTqrFpRgSGVqHAQCmmK4IMiqwRIVpIdvFeDavAAAC-qm8AAA=":"Yukon"},"type":"OpenApiConnection","inputs":{"host":{"apiId":"/providers/Microsoft.PowerApps/apis/shared_office365","connectionName":"shared_office365","operationId":"MoveV2"},"parameters":{"messageId":"@triggerOutputs()?['body/id']","folderPath":"Id::AAMkADQ1MmIwMzQ4LWZkMWMtNDY3MS1hODBiLTk2ZWQyOTUzYmY1NgAuAAAAAAAMaG1u3hklTqrFpRgSGVqHAQCmmK4IMiqwRIVpIdvFeDavAAAC-qm8AAA="},"authentication":"@parameters('$authentication')"}}},"runAfter":{},"else":{"actions":{"Move_email_(V2)_16":{"runAfter":{},"metadata":{"Id::AAMkADQ1MmIwMzQ4LWZkMWMtNDY3MS1hODBiLTk2ZWQyOTUzYmY1NgAuAAAAAAAMaG1u3hklTqrFpRgSGVqHAQCmmK4IMiqwRIVpIdvFeDavAAAC-qjuAAA=":"A - Parkland","Id::AAMkADQ1MmIwMzQ4LWZkMWMtNDY3MS1hODBiLTk2ZWQyOTUzYmY1NgAuAAAAAAAMaG1u3hklTqrFpRgSGVqHAQCmmK4IMiqwRIVpIdvFeDavAAAC-qmrAAA=":"A - Yukon"},"type":"OpenApiConnection","inputs":{"host":{"apiId":"/providers/Microsoft.PowerApps/apis/shared_office365","connectionName":"shared_office365","operationId":"MoveV2"},"parameters":{"messageId":"@triggerOutputs()?['body/id']","folderPath":"Id::AAMkADQ1MmIwMzQ4LWZkMWMtNDY3MS1hODBiLTk2ZWQyOTUzYmY1NgAuAAAAAAAMaG1u3hklTqrFpRgSGVqHAQCmmK4IMiqwRIVpIdvFeDavAAAC-qmrAAA="},"authentication":"@parameters('$authentication')"}}}},"expression":{"equals":["@variables('isReactive')",true]},"type":"If"},"Set_variable_8":{"runAfter":{"isCx8Reactive":["Succeeded"]},"type":"SetVariable","inputs":{"name":"isProcessed","value":true}}},"runAfter":{},"else":{"actions":{"isCx9":{"actions":{"isCx9Reactive":{"actions":{"Move_email_(V2)_17":{"runAfter":{},"metadata":{"Id::AAMkADQ1MmIwMzQ4LWZkMWMtNDY3MS1hODBiLTk2ZWQyOTUzYmY1NgAuAAAAAAAMaG1u3hklTqrFpRgSGVqHAQCmmK4IMiqwRIVpIdvFeDavAAAC-qjVAAA=":"B - Reactive","Id::AAMkADQ1MmIwMzQ4LWZkMWMtNDY3MS1hODBiLTk2ZWQyOTUzYmY1NgAuAAAAAAAMaG1u3hklTqrFpRgSGVqHAQCmmK4IMiqwRIVpIdvFeDavAAAC-qlRAAA=":"Bonavista"},"type":"OpenApiConnection","inputs":{"host":{"apiId":"/providers/Microsoft.PowerApps/apis/shared_office365","connectionName":"shared_office365","operationId":"MoveV2"},"parameters":{"messageId":"@triggerOutputs()?['body/id']","folderPath":"Id::AAMkADQ1MmIwMzQ4LWZkMWMtNDY3MS1hODBiLTk2ZWQyOTUzYmY1NgAuAAAAAAAMaG1u3hklTqrFpRgSGVqHAQCmmK4IMiqwRIVpIdvFeDavAAAC-qlRAAA="},"authentication":"@parameters('$authentication')"}}},"runAfter":{},"else":{"actions":{"Move_email_(V2)_18":{"runAfter":{},"metadata":{"Id::AQMkADQ1MmIwMzQ4LWZkMWMtNDY3MS1hODBiLTk2ZWQyOTUzYmY1NgAuAAADDGhtbt4ZJU6qxaUYEhlahwEAppiuCDIqsESFaSHbxXg2rwAAAgEMAAAA":"Inbox","Id::AAMkADQ1MmIwMzQ4LWZkMWMtNDY3MS1hODBiLTk2ZWQyOTUzYmY1NgAuAAAAAAAMaG1u3hklTqrFpRgSGVqHAQCmmK4IMiqwRIVpIdvFeDavAAAC-qlQAAA=":"A - Bonavista"},"type":"OpenApiConnection","inputs":{"host":{"apiId":"/providers/Microsoft.PowerApps/apis/shared_office365","connectionName":"shared_office365","operationId":"MoveV2"},"parameters":{"messageId":"@triggerOutputs()?['body/id']","folderPath":"Id::AAMkADQ1MmIwMzQ4LWZkMWMtNDY3MS1hODBiLTk2ZWQyOTUzYmY1NgAuAAAAAAAMaG1u3hklTqrFpRgSGVqHAQCmmK4IMiqwRIVpIdvFeDavAAAC-qlQAAA="},"authentication":"@parameters('$authentication')"}}}},"expression":{"equals":["@variables('isReactive')",true]},"type":"If"},"Set_variable_9":{"runAfter":{"isCx9Reactive":["Succeeded"]},"type":"SetVariable","inputs":{"name":"isProcessed","value":true}}},"runAfter":{},"else":{"actions":{"isCx10":{"actions":{"isCx10Reactive":{"actions":{"Move_email_(V2)_19":{"runAfter":{},"metadata":{"Id::AAMkADQ1MmIwMzQ4LWZkMWMtNDY3MS1hODBiLTk2ZWQyOTUzYmY1NgAuAAAAAAAMaG1u3hklTqrFpRgSGVqHAQCmmK4IMiqwRIVpIdvFeDavAAAC-qjVAAA=":"B - Reactive","Id::AAMkADQ1MmIwMzQ4LWZkMWMtNDY3MS1hODBiLTk2ZWQyOTUzYmY1NgAuAAAAAAAMaG1u3hklTqrFpRgSGVqHAQCmmK4IMiqwRIVpIdvFeDavAAAC-qmtAAA=":"Cnooc"},"type":"OpenApiConnection","inputs":{"host":{"apiId":"/providers/Microsoft.PowerApps/apis/shared_office365","connectionName":"shared_office365","operationId":"MoveV2"},"parameters":{"messageId":"@triggerOutputs()?['body/id']","folderPath":"Id::AAMkADQ1MmIwMzQ4LWZkMWMtNDY3MS1hODBiLTk2ZWQyOTUzYmY1NgAuAAAAAAAMaG1u3hklTqrFpRgSGVqHAQCmmK4IMiqwRIVpIdvFeDavAAAC-qmtAAA="},"authentication":"@parameters('$authentication')"}}},"runAfter":{},"else":{"actions":{"Move_email_(V2)_20":{"runAfter":{},"metadata":{"Id::AQMkADQ1MmIwMzQ4LWZkMWMtNDY3MS1hODBiLTk2ZWQyOTUzYmY1NgAuAAADDGhtbt4ZJU6qxaUYEhlahwEAppiuCDIqsESFaSHbxXg2rwAAAgEMAAAA":"Inbox","Id::AAMkADQ1MmIwMzQ4LWZkMWMtNDY3MS1hODBiLTk2ZWQyOTUzYmY1NgAuAAAAAAAMaG1u3hklTqrFpRgSGVqHAQCmmK4IMiqwRIVpIdvFeDavAAAC-qjwAAA=":"A - Cnooc"},"type":"OpenApiConnection","inputs":{"host":{"apiId":"/providers/Microsoft.PowerApps/apis/shared_office365","connectionName":"shared_office365","operationId":"MoveV2"},"parameters":{"messageId":"@triggerOutputs()?['body/id']","folderPath":"Id::AAMkADQ1MmIwMzQ4LWZkMWMtNDY3MS1hODBiLTk2ZWQyOTUzYmY1NgAuAAAAAAAMaG1u3hklTqrFpRgSGVqHAQCmmK4IMiqwRIVpIdvFeDavAAAC-qjwAAA="},"authentication":"@parameters('$authentication')"}}}},"expression":{"equals":["@variables('isReactive')",true]},"type":"If"},"Set_variable_10":{"runAfter":{"isCx10Reactive":["Succeeded"]},"type":"SetVariable","inputs":{"name":"isProcessed","value":true}}},"runAfter":{},"else":{"actions":{"isCx11":{"actions":{"isCx11Reactive":{"actions":{"Move_email_(V2)_21":{"runAfter":{},"metadata":{"Id::AAMkADQ1MmIwMzQ4LWZkMWMtNDY3MS1hODBiLTk2ZWQyOTUzYmY1NgAuAAAAAAAMaG1u3hklTqrFpRgSGVqHAQCmmK4IMiqwRIVpIdvFeDavAAAC-qjVAAA=":"B - Reactive"},"type":"OpenApiConnection","inputs":{"host":{"apiId":"/providers/Microsoft.PowerApps/apis/shared_office365","connectionName":"shared_office365","operationId":"MoveV2"},"parameters":{"messageId":"@triggerOutputs()?['body/id']","folderPath":"Id::AAMkADQ1MmIwMzQ4LWZkMWMtNDY3MS1hODBiLTk2ZWQyOTUzYmY1NgAuAAAAAAAMaG1u3hklTqrFpRgSGVqHAQCmmK4IMiqwRIVpIdvFeDavAAAC-qjVAAA="},"authentication":"@parameters('$authentication')"}}},"runAfter":{},"else":{"actions":{"Move_email_(V2)_22":{"runAfter":{},"metadata":{"Id::AQMkADQ1MmIwMzQ4LWZkMWMtNDY3MS1hODBiLTk2ZWQyOTUzYmY1NgAuAAADDGhtbt4ZJU6qxaUYEhlahwEAppiuCDIqsESFaSHbxXg2rwAAAgEMAAAA":"Inbox"},"type":"OpenApiConnection","inputs":{"host":{"apiId":"/providers/Microsoft.PowerApps/apis/shared_office365","connectionName":"shared_office365","operationId":"MoveV2"},"parameters":{"messageId":"@triggerOutputs()?['body/id']","folderPath":"Id::AQMkADQ1MmIwMzQ4LWZkMWMtNDY3MS1hODBiLTk2ZWQyOTUzYmY1NgAuAAADDGhtbt4ZJU6qxaUYEhlahwEAppiuCDIqsESFaSHbxXg2rwAAAgEMAAAA"},"authentication":"@parameters('$authentication')"}}}},"expression":{"equals":["@variables('isReactive')",true]},"type":"If"},"Set_variable_11":{"runAfter":{"isCx11Reactive":["Succeeded"]},"type":"SetVariable","inputs":{"name":"isProcessed","value":true}}},"runAfter":{},"else":{"actions":{"isCx12":{"actions":{"isCx12Reactive":{"actions":{"Move_email_(V2)_23":{"runAfter":{},"metadata":{"Id::AAMkADQ1MmIwMzQ4LWZkMWMtNDY3MS1hODBiLTk2ZWQyOTUzYmY1NgAuAAAAAAAMaG1u3hklTqrFpRgSGVqHAQCmmK4IMiqwRIVpIdvFeDavAAAC-qjVAAA=":"B - Reactive"},"type":"OpenApiConnection","inputs":{"host":{"apiId":"/providers/Microsoft.PowerApps/apis/shared_office365","connectionName":"shared_office365","operationId":"MoveV2"},"parameters":{"messageId":"@triggerOutputs()?['body/id']","folderPath":"Id::AAMkADQ1MmIwMzQ4LWZkMWMtNDY3MS1hODBiLTk2ZWQyOTUzYmY1NgAuAAAAAAAMaG1u3hklTqrFpRgSGVqHAQCmmK4IMiqwRIVpIdvFeDavAAAC-qjVAAA="},"authentication":"@parameters('$authentication')"}}},"runAfter":{},"else":{"actions":{"Move_email_(V2)_24":{"runAfter":{},"metadata":{"Id::AQMkADQ1MmIwMzQ4LWZkMWMtNDY3MS1hODBiLTk2ZWQyOTUzYmY1NgAuAAADDGhtbt4ZJU6qxaUYEhlahwEAppiuCDIqsESFaSHbxXg2rwAAAgEMAAAA":"Inbox"},"type":"OpenApiConnection","inputs":{"host":{"apiId":"/providers/Microsoft.PowerApps/apis/shared_office365","connectionName":"shared_office365","operationId":"MoveV2"},"parameters":{"messageId":"@triggerOutputs()?['body/id']","folderPath":"Id::AQMkADQ1MmIwMzQ4LWZkMWMtNDY3MS1hODBiLTk2ZWQyOTUzYmY1NgAuAAADDGhtbt4ZJU6qxaUYEhlahwEAppiuCDIqsESFaSHbxXg2rwAAAgEMAAAA"},"authentication":"@parameters('$authentication')"}}}},"expression":{"equals":["@variables('isReactive')",true]},"type":"If"},"Set_variable_12":{"runAfter":{"isCx12Reactive":["Succeeded"]},"type":"SetVariable","inputs":{"name":"isProcessed","value":true}}},"runAfter":{},"expression":{"or":[{"contains":["@triggerOutputs()?['body/toRecipients']","cx12.com"]},{"contains":["@triggerOutputs()?['body/subject']","Customer Name"]},{"contains":["@triggerOutputs()?['body/from']","cx12.com"]}]},"type":"If"}}},"expression":{"or":[{"contains":["@triggerOutputs()?['body/toRecipients']","cx11.com"]},{"contains":["@triggerOutputs()?['body/subject']","Customer Name"]},{"contains":["@triggerOutputs()?['body/from']","cx11.com"]}]},"type":"If"}}},"expression":{"or":[{"contains":["@triggerOutputs()?['body/toRecipients']","cx10.com"]},{"contains":["@triggerOutputs()?['body/subject']","Customer Name"]},{"contains":["@triggerOutputs()?['body/from']","cx10.com"]}]},"type":"If"}}},"expression":{"or":[{"contains":["@triggerOutputs()?['body/toRecipients']","cx9.com"]},{"contains":["@triggerOutputs()?['body/subject']","Customer Name"]},{"contains":["@triggerOutputs()?['body/from']","cx9.com"]}]},"type":"If"}}},"expression":{"or":[{"contains":["@triggerOutputs()?['body/toRecipients']","cx8.com"]},{"contains":["@triggerOutputs()?['body/subject']","Customer Name"]},{"contains":["@triggerOutputs()?['body/from']","cx8.com"]}]},"type":"If"}}},"expression":{"or":[{"equals":["@triggerOutputs()?['body/toRecipients']","cx7.com"]},{"contains":["@triggerOutputs()?['body/subject']","Customer Name"]},{"contains":["@triggerOutputs()?['body/from']","cx7.com"]}]},"type":"If"}},"runAfter":{"Start_of_Cx_Sorting_Tree_companies_1-6_[Config_Req'd]":["Succeeded"]},"expression":{"equals":["@variables('isProcessed')",false]},"type":"If"},"Get_my_profile_(V2)":{"runAfter":{},"type":"OpenApiConnection","inputs":{"host":{"apiId":"/providers/Microsoft.PowerApps/apis/shared_office365users","connectionName":"shared_office365users","operationId":"MyProfile_V2"},"parameters":{},"authentication":"@parameters('$authentication')"}},"isBackupAccount2_7-12_[User_Config]":{"actions":{"Set_variable_14":{"runAfter":{},"type":"SetVariable","inputs":{"name":"isBackupAccount","value":true}}},"runAfter":{"isBackupAccount_1-6_[User_Config]":["Succeeded"]},"expression":{"or":[{"contains":["@triggerOutputs()?['body/toRecipients']","cx7.com"]},{"contains":["@triggerOutputs()?['body/from']","cx8.com"]}]},"type":"If"},"isBackupAccount_1-6_[User_Config]":{"actions":{"var_isBackupAccount=true":{"runAfter":{},"type":"SetVariable","inputs":{"name":"isBackupAccount","value":true}}},"runAfter":{"var_isBackupAccount":["Succeeded"]},"expression":{"or":[{"contains":["@triggerOutputs()?['body/toRecipients']","cx1.com"]},{"contains":["@triggerOutputs()?['body/from']","cx1.com"]},{"contains":["@triggerOutputs()?['body/toRecipients']","cx2.com"]},{"contains":["@triggerOutputs()?['body/from']","cx2.com"]}]},"type":"If"},"isReactive":{"actions":{"isReactive=true":{"runAfter":{},"type":"SetVariable","inputs":{"name":"isReactive","value":true}}},"runAfter":{"isCritSit":["Succeeded"]},"expression":{"or":[{"contains":["@triggerOutputs()?['body/from']","o365csup@microsoft.com"]},{"equals":["@variables('isCritSit')",true]},{"contains":["@triggerOutputs()?['body/subject']","@string(1200)"]},{"contains":["@triggerOutputs()?['body/subject']","Case #"]},{"contains":["@triggerOutputs()?['body/from']","msftprem@microsoft.com"]},{"contains":["@triggerOutputs()?['body/toRecipients']","msftprem@microsoft.com"]},{"and":[{"not":{"contains":["@triggerOutputs()?['body/toRecipients']","@outputs('Get_my_profile_(V2)')?['body/mail']"]}}]}]},"type":"If"},"var_notifyOnCritsit_[Set_to_false_if_no_teams_notifications_wanted]":{"runAfter":{"Get_my_profile_(V2)":["Succeeded"]},"type":"InitializeVariable","inputs":{"variables":[{"name":"notifyOnCritsit","type":"boolean","value":true}]}}},"outputs":{},"description":"Flow to automate email process and integrate teams."},"connectionReferences":{"shared_teams":{"connectionName":"c081f7eff0fd487b89feebd256cc2be1","source":"Embedded","id":"/providers/Microsoft.PowerApps/apis/shared_teams","tier":"NotSpecified"},"shared_office365":{"connectionName":"0e2058b4-fa17-4a6b-86a0-cfdc-0c3d3631","source":"Embedded","id":"/providers/Microsoft.PowerApps/apis/shared_office365","tier":"NotSpecified"},"shared_office365users":{"connectionName":"a67b833e-f5b0-4874-95cf-1581-8a0bca30","source":"Embedded","id":"/providers/Microsoft.PowerApps/apis/shared_office365users","tier":"NotSpecified"}},"flowFailureAlertSubscribed":false}}